Workbook

Sheet 产品表 Products
A1: 类别 Category | B1: 类别（中文） | C1: 型号 Model | D1: 产品类型 Type | E1: 中文名称 | F1: 招标常见叫法 Tender terms | G1: 行程 Stroke | H1: 单位 Unit | I1: 行程换算 (° / mm) | J1: 出力 Force (N) | K1: 出力类型 | L1: 刚度 Stiffness (N/µm) | M1: 谐振频率 Resonance (Hz) | N1: 电容 Capacitance (µF) | O1: 尺寸 Dimensions | P1: 其他参数 Other specs | Q1: 选项 Options | R1: 状态 Status | S1: 应用 / 说明 (EN) | T1: 产品链接 Product page | U1: 数据表 Datasheet | V1: 符合速查条件 | W1: _序号 | X1: _url
A2: Amplified Piezo Actuators (APA) | B2: 放大型压电促动器 | C2: APA30uXS | D2: Amplified Piezo Actuator | E2: 放大型压电促动器 | F2: 压电促动器、压电陶瓷驱动器、压电作动器、压电致动器、压电陶瓷执行器、放大式压电促动器、柔性铰链放大压电 | G2: 34 | H2: µm | I2: =IF(H2="mrad",ROUND(G2*180/PI()/1000,2)&"°",IF(H2="µm",G2/1000&" mm","")) -> 0.034 mm | J2: 3.7 | K2: 阻挡力 | L2: 0.11 | M2: 4778 | N2: 0.04 | Q2: 无磁外壳，真空兼容 | R2: 标准品 | S2: Applications: Earing implants – Actuation in Micro Aerial Vehicle – Energy harvester for pacemaker – Micro electro optical systems | T2: 打开 | U2: PDF | V2: =IF(AND(OR('选型速查 Spec Match'!$C$4="全部 All",B2='选型速查 Spec Match'!$C$4),OR('选型速查 Spec Match'!$C$5="",AND(H2='选型速查 Spec Match'!$C$6,N(G2)>='选型速查 Spec Match'!$C$5)),OR('选型速查 Spec Match'!$C$7="",N(J2)>='选型速查 Spec Match'!$C$7),OR('选型速查 Spec Match'!$C$8="",N(M2)>='选型速查 Spec Match'!$C$8)),"✓","") -> ✓ | W2: =IF(V2="✓",COUNTIF($V$2:V2,"✓"),"") -> 1 | X2: https://cedrat-technologies.com/produit/apa30uxs/
A3: Amplified Piezo Actuators (APA) | B3: 放大型压电促动器 | C3: APA35XS | D3: Amplified Piezo Actuator | E3: 放大型压电促动器 | F3: 压电促动器、压电陶瓷驱动器、压电作动器、压电致动器、压电陶瓷执行器、放大式压电促动器、柔性铰链放大压电 | G3: 52 | H3: µm | I3: =IF(H3="mrad",ROUND(G3*180/PI()/1000,2)&"°",IF(H3="µm",G3/1000&" mm","")) -> 0.052 mm | J3: 27 | K3: 阻挡力 | L3: 0.52 | M3: 3880 | N3: 0.3 | Q3: 应变片闭环，无磁外壳，真空兼容 | R3: 标准品 | S3: Applications: Micro optical mechanisms – Micro controllers dynamic valves – Space qualified micro tips tilts – Miniature brakes | T3: 打开 | U3: PDF | V3: =IF(AND(OR('选型速查 Spec Match'!$C$4="全部 All",B3='选型速查 Spec Match'!$C$4),OR('选型速查 Spec Match'!$C$5="",AND(H3='选型速查 Spec Match'!$C$6,N(G3)>='选型速查 Spec Match'!$C$5)),OR('选型速查 Spec Match'!$C$7="",N(J3)>='选型速查 Spec Match'!$C$7),OR('选型速查 Spec Match'!$C$8="",N(M3)>='选型速查 Spec Match'!$C$8)),"✓","") -> ✓ | W3: =IF(V3="✓",COUNTIF($V$2:V3,"✓"),"") -> 2 | X3: https://cedrat-technologies.com/produit/apa35xs/
A4: Amplified Piezo Actuators (APA) | B4: 放大型压电促动器 | C4: APA40SM | D4: Amplified Piezo Actuator | E4: 放大型压电促动器 | F4: 压电促动器、压电陶瓷驱动器、压电作动器、压电致动器、压电陶瓷执行器、放大式压电促动器、柔性铰链放大压电 | G4: 54 | H4: µm | I4: =IF(H4="mrad",ROUND(G4*180/PI()/1000,2)&"°",IF(H4="µm",G4/1000&" mm","")) -> 0.054 mm | J4: 260 | K4: 阻挡力 | L4: 4.9 | M4: 4130 | N4: 1.1 | Q4: 应变片闭环，真空兼容 | R4: 标准品 | S4: Applications: Shock energy harvester in wireless switches – Material stress cycling – Injectors | T4: 打开 | U4: PDF | V4: =IF(AND(OR('选型速查 Spec Match'!$C$4="全部 All",B4='选型速查 Spec Match'!$C$4),OR('选型速查 Spec Match'!$C$5="",AND(H4='选型速查 Spec Match'!$C$6,N(G4)>='选型速查 Spec Match'!$C$5)),OR('选型速查 Spec Match'!$C$7="",N(J4)>='选型速查 Spec Match'!$C$7),OR('选型速查 Spec Match'!$C$8="",N(M4)>='选型速查 Spec Match'!$C$8)),"✓","") -> ✓ | W4: =IF(V4="✓",COUNTIF($V$2:V4,"✓"),"") -> 3 | X4: https://cedrat-technologies.com/produit/apa40sm/
A5: Amplified Piezo Actuators (APA) | B5: 放大型压电促动器 | C5: APA60SL | D5: Amplified Piezo Actuator | E5: 放大型压电促动器 | F5: 压电促动器、压电陶瓷驱动器、压电作动器、压电致动器、压电陶瓷执行器、放大式压电促动器、柔性铰链放大压电 | G5: 57 | H5: µm | I5: =IF(H5="mrad",ROUND(G5*180/PI()/1000,2)&"°",IF(H5="µm",G5/1000&" mm","")) -> 0.057 mm | J5: 390 | K5: 阻挡力 | L5: 6.8 | M5: 3120 | N5: 6.2 | Q5: 应变片闭环，真空兼容 | R5: 标准品 | S5: Applications: Active clamping | T5: 打开 | U5: PDF | V5: =IF(AND(OR('选型速查 Spec Match'!$C$4="全部 All",B5='选型速查 Spec Match'!$C$4),OR('选型速查 Spec Match'!$C$5="",AND(H5='选型速查 Spec Match'!$C$6,N(G5)>='选型速查 Spec Match'!$C$5)),OR('选型速查 Spec Match'!$C$7="",N(J5)>='选型速查 Spec Match'!$C$7),OR('选型速查 Spec Match'!$C$8="",N(M5)>='选型速查 Spec Match'!$C$8)),"✓","") -> ✓ | W5: =IF(V5="✓",COUNTIF($V$2:V5,"✓"),"") -> 4 | X5: https://cedrat-technologies.com/produit/apa60sl/
A6: Amplified Piezo Actuators (APA) | B6: 放大型压电促动器 | C6: APA60ML | D6: Amplified Piezo Actuator | E6: 放大型压电促动器 | F6: 压电促动器、压电陶瓷驱动器、压电作动器、压电致动器、压电陶瓷执行器、放大式压电促动器、柔性铰链放大压电 | G6: 65 | H6: µm | I6: =IF(H6="mrad",ROUND(G6*180/PI()/1000,2)&"°",IF(H6="µm",G6/1000&" mm","")) -> 0.065 mm | J6: 3300 | K6: 阻挡力 | L6: 51 | M6: 2555 | N6: 13 | Q6: 应变片闭环，真空兼容 | R6: 标准品 | S6: Applications: Shaker – Force generator – Heavy load positionner – Dynamic Actuator | T6: 打开 | U6: PDF | V6: =IF(AND(OR('选型速查 Spec Match'!$C$4="全部 All",B6='选型速查 Spec Match'!$C$4),OR('选型速查 Spec Match'!$C$5="",AND(H6='选型速查 Spec Match'!$C$6,N(G6)>='选型速查 Spec Match'!$C$5)),OR('选型速查 Spec Match'!$C$7="",N(J6)>='选型速查 Spec Match'!$C$7),OR('选型速查 Spec Match'!$C$8="",N(M6)>='选型速查 Spec Match'!$C$8)),"✓","") -> ✓ | W6: =IF(V6="✓",COUNTIF($V$2:V6,"✓"),"") -> 5 | X6: https://cedrat-technologies.com/produit/apa60ml/
A7: Amplified Piezo Actuators (APA) | B7: 放大型压电促动器 | C7: APA50XS | D7: Amplified Piezo Actuator | E7: 放大型压电促动器 | F7: 压电促动器、压电陶瓷驱动器、压电作动器、压电致动器、压电陶瓷执行器、放大式压电促动器、柔性铰链放大压电 | G7: 66 | H7: µm | I7: =IF(H7="mrad",ROUND(G7*180/PI()/1000,2)&"°",IF(H7="µm",G7/1000&" mm","")) -> 0.066 mm | J7: 16 | K7: 阻挡力 | L7: 0.24 | M7: 2730 | N7: 0.3 | Q7: 无磁外壳，真空兼容 | R7: 标准品 | S7: Applications: Micro optical mechanisms – Micro controllers dynamic valves – Space qualified micro tips tilts – Miniature brakes | T7: 打开 | U7: PDF | V7: =IF(AND(OR('选型速查 Spec Match'!$C$4="全部 All",B7='选型速查 Spec Match'!$C$4),OR('选型速查 Spec Match'!$C$5="",AND(H7='选型速查 Spec Match'!$C$6,N(G7)>='选型速查 Spec Match'!$C$5)),OR('选型速查 Spec Match'!$C$7="",N(J7)>='选型速查 Spec Match'!$C$7),OR('选型速查 Spec Match'!$C$8="",N(M7)>='选型速查 Spec Match'!$C$8)),"✓","") -> ✓ | W7: =IF(V7="✓",COUNTIF($V$2:V7,"✓"),"") -> 6 | X7: https://cedrat-technologies.com/produit/apa50xs/
A8: Amplified Piezo Actuators (APA) | B8: 放大型压电促动器 | C8: APA60S | D8: Amplified Piezo Actuator | E8: 放大型压电促动器 | F8: 压电促动器、压电陶瓷驱动器、压电作动器、压电致动器、压电陶瓷执行器、放大式压电促动器、柔性铰链放大压电 | G8: 75 | H8: µm | I8: =IF(H8="mrad",ROUND(G8*180/PI()/1000,2)&"°",IF(H8="µm",G8/1000&" mm","")) -> 0.075 mm | J8: 130 | K8: 阻挡力 | L8: 1.7 | M8: 2860 | N8: 1.1 | Q8: 应变片闭环，无磁外壳，真空兼容 | R8: 标准品 | S8: Applications: Shaking powder for X-ray diffraction – Optical stabilization for embedded cameras – Space qualified optical stages – Nano indentation | T8: 打开 | U8: PDF | V8: =IF(AND(OR('选型速查 Spec Match'!$C$4="全部 All",B8='选型速查 Spec Match'!$C$4),OR('选型速查 Spec Match'!$C$5="",AND(H8='选型速查 Spec Match'!$C$6,N(G8)>='选型速查 Spec Match'!$C$5)),OR('选型速查 Spec Match'!$C$7="",N(J8)>='选型速查 Spec Match'!$C$7),OR('选型速查 Spec Match'!$C$8="",N(M8)>='选型速查 Spec Match'!$C$8)),"✓","") -> ✓ | W8: =IF(V8="✓",COUNTIF($V$2:V8,"✓"),"") -> 7 | X8: https://cedrat-technologies.com/produit/apa60s/
A9: Amplified Piezo Actuators (APA) | B9: 放大型压电促动器 | C9: APA60SM | D9: Amplified Piezo Actuator | E9: 放大型压电促动器 | F9: 压电促动器、压电陶瓷驱动器、压电作动器、压电致动器、压电陶瓷执行器、放大式压电促动器、柔性铰链放大压电 | G9: 77 | H9: µm | I9: =IF(H9="mrad",ROUND(G9*180/PI()/1000,2)&"°",IF(H9="µm",G9/1000&" mm","")) -> 0.077 mm | J9: 140 | K9: 阻挡力 | L9: 1.8 | M9: 2802 | N9: 1.1 | Q9: 应变片闭环，无磁外壳，真空兼容 | R9: 标准品 | S9: Applications: Fast X-ray vacuum compatible shutters – dynamic valves – laser cavity tuning – miniature active flaps for aero vehicles | T9: 打开 | U9: PDF | V9: =IF(AND(OR('选型速查 Spec Match'!$C$4="全部 All",B9='选型速查 Spec Match'!$C$4),OR('选型速查 Spec Match'!$C$5="",AND(H9='选型速查 Spec Match'!$C$6,N(G9)>='选型速查 Spec Match'!$C$5)),OR('选型速查 Spec Match'!$C$7="",N(J9)>='选型速查 Spec Match'!$C$7),OR('选型速查 Spec Match'!$C$8="",N(M9)>='选型速查 Spec Match'!$C$8)),"✓","") -> ✓ | W9: =IF(V9="✓",COUNTIF($V$2:V9,"✓"),"") -> 8 | X9: https://cedrat-technologies.com/produit/apa60sm/
A10: Amplified Piezo Actuators (APA) | B10: 放大型压电促动器 | C10: APA95ML | D10: Amplified Piezo Actuator | E10: 放大型压电促动器 | F10: 压电促动器、压电陶瓷驱动器、压电作动器、压电致动器、压电陶瓷执行器、放大式压电促动器、柔性铰链放大压电 | G10: 99 | H10: µm | I10: =IF(H10="mrad",ROUND(G10*180/PI()/1000,2)&"°",IF(H10="µm",G10/1000&" mm","")) -> 0.099 mm | J10: 2100 | K10: 阻挡力 | L10: 21 | M10: 2090 | N10: 13 | Q10: 应变片闭环，真空兼容 | R10: 标准品 | S10: Applications: Active control of vibration on medical robots – High frequency shakers – Fretting fatigue testing – Space qualified positionner | T10: 打开 | U10: PDF | V10: =IF(AND(OR('选型速查 Spec Match'!$C$4="全部 All",B10='选型速查 Spec Match'!$C$4),OR('选型速查 Spec Match'!$C$5="",AND(H10='选型速查 Spec Match'!$C$6,N(G10)>='选型速查 Spec Match'!$C$5)),OR('选型速查 Spec Match'!$C$7="",N(J10)>='选型速查 Spec Match'!$C$7),OR('选型速查 Spec Match'!$C$8="",N(M10)>='选型速查 Spec Match'!$C$8)),"✓","") -> ✓ | W10: =IF(V10="✓",COUNTIF($V$2:V10,"✓"),"") -> 9 | X10: https://cedrat-technologies.com/produit/apa95ml/
A11: Amplified Piezo Actuators (APA) | B11: 放大型压电促动器 | C11: APA100MML | D11: Amplified Piezo Actuator | E11: 放大型压电促动器 | F11: 压电促动器、压电陶瓷驱动器、压电作动器、压电致动器、压电陶瓷执行器、放大式压电促动器、柔性铰链放大压电 | G11: 100 | H11: µm | I11: =IF(H11="mrad",ROUND(G11*180/PI()/1000,2)&"°",IF(H11="µm",G11/1000&" mm","")) -> 0.1 mm | J11: 830 | K11: 阻挡力 | L11: 8.3 | M11: 1730 | N11: 6.3 | Q11: 应变片闭环，真空兼容 | R11: 标准品 | S11: Applications: Active stabilisation of a watt balance – High frequency shakers – Elasto MRI – Long range cavity modulation in interferometers | T11: 打开 | U11: PDF | V11: =IF(AND(OR('选型速查 Spec Match'!$C$4="全部 All",B11='选型速查 Spec Match'!$C$4),OR('选型速查 Spec Match'!$C$5="",AND(H11='选型速查 Spec Match'!$C$6,N(G11)>='选型速查 Spec Match'!$C$5)),OR('选型速查 Spec Match'!$C$7="",N(J11)>='选型速查 Spec Match'!$C$7),OR('选型速查 Spec Match'!$C$8="",N(M11)>='选型速查 Spec Match'!$C$8)),"✓","") -> ✓ | W11: =IF(V11="✓",COUNTIF($V$2:V11,"✓"),"") -> 10 | X11: https://cedrat-technologies.com/produit/apa100mml/
A12: Amplified Piezo Actuators (APA) | B12: 放大型压电促动器 | C12: APA120ML | D12: Amplified Piezo Actuator | E12: 放大型压电促动器 | F12: 压电促动器、压电陶瓷驱动器、压电作动器、压电致动器、压电陶瓷执行器、放大式压电促动器、柔性铰链放大压电 | G12: 120 | H12: µm | I12: =IF(H12="mrad",ROUND(G12*180/PI()/1000,2)&"°",IF(H12="µm",G12/1000&" mm","")) -> 0.12 mm | J12: 1500 | K12: 阻挡力 | L12: 12 | M12: 1880 | N12: 13 | Q12: 应变片闭环，真空兼容 | R12: 标准品 | S12: Applications: Active control of vibration on medical robots – High frequency shakers – Fretting fatigue testing – Space qualified positionner | T12: 打开 | U12: PDF | V12: =IF(AND(OR('选型速查 Spec Match'!$C$4="全部 All",B12='选型速查 Spec Match'!$C$4),OR('选型速查 Spec Match'!$C$5="",AND(H12='选型速查 Spec Match'!$C$6,N(G12)>='选型速查 Spec Match'!$C$5)),OR('选型速查 Spec Match'!$C$7="",N(J12)>='选型速查 Spec Match'!$C$7),OR('选型速查 Spec Match'!$C$8="",N(M12)>='选型速查 Spec Match'!$C$8)),"✓","") -> ✓ | W12: =IF(V12="✓",COUNTIF($V$2:V12,"✓"),"") -> 11 | X12: https://cedrat-technologies.com/produit/apa120ml/
A13: Amplified Piezo Actuators (APA) | B13: 放大型压电促动器 | C13: APA100M | D13: Amplified Piezo Actuator | E13: 放大型压电促动器 | F13: 压电促动器、压电陶瓷驱动器、压电作动器、压电致动器、压电陶瓷执行器、放大式压电促动器、柔性铰链放大压电 | G13: 125 | H13: µm | I13: =IF(H13="mrad",ROUND(G13*180/PI()/1000,2)&"°",IF(H13="µm",G13/1000&" mm","")) -> 0.125 mm | J13: 230 | K13: 阻挡力 | L13: 1.9 | M13: 1910 | N13: 2.2 | Q13: 应变片闭环，无磁外壳，真空兼容 | R13: 标准品 | S13: Applications: Fast X-ray vacuum compatible shutters – dynamic valves – laser cavity tuning – miniature active flaps for aero vehicles | T13: 打开 | U13: PDF | V13: =IF(AND(OR('选型速查 Spec Match'!$C$4="全部 All",B13='选型速查 Spec Match'!$C$4),OR('选型速查 Spec Match'!$C$5="",AND(H13='选型速查 Spec Match'!$C$6,N(G13)>='选型速查 Spec Match'!$C$5)),OR('选型速查 Spec Match'!$C$7="",N(J13)>='选型速查 Spec Match'!$C$7),OR('选型速查 Spec Match'!$C$8="",N(M13)>='选型速查 Spec Match'!$C$8)),"✓","") -> ✓ | W13: =IF(V13="✓",COUNTIF($V$2:V13,"✓"),"") -> 12 | X13: https://cedrat-technologies.com/produit/apa100m/
... A42: Parallel Pre-stressed Actuators (PPA) | B42: 预紧式压电叠堆促动器 | C42: PPA120XL | D42: Parallel Pre-Stressed Actuator | E42: 预紧式压电叠堆促动器 | F42: 压电叠堆、压电陶瓷堆、叠层压电陶瓷、预紧压电陶瓷、压电陶瓷促动器、压电堆栈 | G42: 130 | H42: µm | I42: =IF(H42="mrad",ROUND(G42*180/PI()/1000,2)&"°",IF(H42="µm",G42/1000&" mm","")) -> 0.13 mm | J42: 7000 | K42: 阻挡力 | L42: 53.8 | M42: 3250 | N42: 51 | Q42: 应变片闭环，无磁外壳，真空兼容 | R42: 标准品 | S42: Applications: Stabilisation of heavy loads in precision machine tool – Fretting fatigue testing – High frequency shakers | T42: 打开 | U42: PDF | V42: =IF(AND(OR('选型速查 Spec Match'!$C$4="全部 All",B42='选型速查 Spec Match'!$C$4),OR('选型速查 Spec Match'!$C$5="",AND(H42='选型速查 Spec Match'!$C$6,N(G42)>='选型速查 Spec Match'!$C$5)),OR('选型速查 Spec Match'!$C$7="",N(J42)>='选型速查 Spec Match'!$C$7),OR('选型速查 Spec Match'!$C$8="",N(M42)>='选型速查 Spec Match'!$C$8)),"✓","") -> ✓ | W42: =IF(V42="✓",COUNTIF($V$2:V42,"✓"),"") -> 41 | X42: https://cedrat-technologies.com/produit/ppa120xl/
A43: Piezo Stages | B43: 压电纳米位移台 | C43: XY25XS | D43: Piezo Stage | E43: XY 二维压电位移台 | F43: 压电位移台、纳米位移台、纳米定位台、压电扫描台、压电平台、XY压电台、XYZ纳米平台、柔性铰链位移台、纳米定位系统 | G43: 25 | H43: µm | I43: =IF(H43="mrad",ROUND(G43*180/PI()/1000,2)&"°",IF(H43="µm",G43/1000&" mm","")) -> 0.025 mm | M43: 3000 | O43: 50mm550mm*19mm | P43: 响应时间 0,17ms | Q43: 应变片闭环，真空兼容 | R43: 标准品 | S43: The piezoelectric stage XY25XS is based on the APA 25XS actuators. The compact XY25XS stage is well suited to integrated devices for fiber positioning, micro scanning. | T43: 打开 | U43: PDF | V43: =IF(AND(OR('选型速查 Spec Match'!$C$4="全部 All",B43='选型速查 Spec Match'!$C$4),OR('选型速查 Spec Match'!$C$5="",AND(H43='选型速查 Spec Match'!$C$6,N(G43)>='选型速查 Spec Match'!$C$5)),OR('选型速查 Spec Match'!$C$7="",N(J43)>='选型速查 Spec Match'!$C$7),OR('选型速查 Spec Match'!$C$8="",N(M43)>='选型速查 Spec Match'!$C$8)),"✓","") -> ✓ | W43: =IF(V43="✓",COUNTIF($V$2:V43,"✓"),"") -> 42 | X43: https://cedrat-technologies.com/produit/xy25xs/
A44: Piezo Stages | B44: 压电纳米位移台 | C44: X60S | D44: Piezo Stage | E44: 单轴压电位移台 | F44: 压电位移台、纳米位移台、纳米定位台、压电扫描台、压电平台、XY压电台、XYZ纳米平台、柔性铰链位移台、纳米定位系统 | G44: 55 | H44: µm | I44: =IF(H44="mrad",ROUND(G44*180/PI()/1000,2)&"°",IF(H44="µm",G44/1000&" mm","")) -> 0.055 mm | M44: 1840 | O44: 30mm*30mm*12mm | P44: 响应时间 0,27 ms | Q44: 应变片闭环，真空兼容 | R44: 原型 | S44: The piezoelectric stage X60S has a stroke up to 110µm along the X axis and can be equipped with strain gauges for a very fine accuracy up to 10 nm. | T44: 打开 | U44: PDF | V44: =IF(AND(OR('选型速查 Spec Match'!$C$4="全部 All",B44='选型速查 Spec Match'!$C$4),OR('选型速查 Spec Match'!$C$5="",AND(H44='选型速查 Spec Match'!$C$6,N(G44)>='选型速查 Spec Match'!$C$5)),OR('选型速查 Spec Match'!$C$7="",N(J44)>='选型速查 Spec Match'!$C$7),OR('选型速查 Spec Match'!$C$8="",N(M44)>='选型速查 Spec Match'!$C$8)),"✓","") -> ✓ | W44: =IF(V44="✓",COUNTIF($V$2:V44,"✓"),"") -> 43 | X44: https://cedrat-technologies.com/produit/x60s/
A45: Piezo Stages | B45: 压电纳米位移台 | C45: X120S | D45: Piezo Stage | E45: 单轴压电位移台 | F45: 压电位移台、纳米位移台、纳米定位台、压电扫描台、压电平台、XY压电台、XYZ纳米平台、柔性铰链位移台、纳米定位系统 | G45: 110 | H45: µm | I45: =IF(H45="mrad",ROUND(G45*180/PI()/1000,2)&"°",IF(H45="µm",G45/1000&" mm","")) -> 0.11 mm | M45: 850 | O45: 30mm*30mm*12mm | P45: 响应时间 0,59 ms | Q45: 应变片闭环，真空兼容 | R45: 原型 | S45: The piezoelectric stage X120S has a stroke up to 110µm along the X axis and can be equipped with strain gauges for a very fine accuracy up to 10 nm. | T45: 打开 | U45: PDF | V45: =IF(AND(OR('选型速查 Spec Match'!$C$4="全部 All",B45='选型速查 Spec Match'!$C$4),OR('选型速查 Spec Match'!$C$5="",AND(H45='选型速查 Spec Match'!$C$6,N(G45)>='选型速查 Spec Match'!$C$5)),OR('选型速查 Spec Match'!$C$7="",N(J45)>='选型速查 Spec Match'!$C$7),OR('选型速查 Spec Match'!$C$8="",N(M45)>='选型速查 Spec Match'!$C$8)),"✓","") -> ✓ | W45: =IF(V45="✓",COUNTIF($V$2:V45,"✓"),"") -> 44 | X45: https://cedrat-technologies.com/produit/x120s/
A46: Piezo Stages | B46: 压电纳米位移台 | C46: XY200M | D46: Piezo Stage | E46: XY 二维压电位移台 | F46: 压电位移台、纳米位移台、纳米定位台、压电扫描台、压电平台、XY压电台、XYZ纳米平台、柔性铰链位移台、纳米定位系统 | G46: 200 | H46: µm | I46: =IF(H46="mrad",ROUND(G46*180/PI()/1000,2)&"°",IF(H46="µm",G46/1000&" mm","")) -> 0.2 mm | M46: 580 | O46: 100mm*100mm*22mm | P46: 响应时间 0,86 ms | Q46: 应变片闭环，真空兼容 | R46: 标准品 | S46: The piezoelectric stage XY200M is based on the APA 200M actuators and posseses a high stiffness. Applications include mask positioning, atomic force or scanning tunneling microscopes. | T46: 打开 | U46: PDF | V46: =IF(AND(OR('选型速查 Spec Match'!$C$4="全部 All",B46='选型速查 Spec Match'!$C$4),OR('选型速查 Spec Match'!$C$5="",AND(H46='选型速查 Spec Match'!$C$6,N(G46)>='选型速查 Spec Match'!$C$5)),OR('选型速查 Spec Match'!$C$7="",N(J46)>='选型速查 Spec Match'!$C$7),OR('选型速查 Spec Match'!$C$8="",N(M46)>='选型速查 Spec Match'!$C$8)),"✓","") -> ✓ | W46: =IF(V46="✓",COUNTIF($V$2:V46,"✓"),"") -> 45 | X46: https://cedrat-technologies.com/produit/xy200m/
A47: Piezo Stages | B47: 压电纳米位移台 | C47: XYZ200M | D47: Piezo Stage | E47: XYZ 三维压电位移台 | F47: 压电位移台、纳米位移台、纳米定位台、压电扫描台、压电平台、XY压电台、XYZ纳米平台、柔性铰链位移台、纳米定位系统 | G47: 200 | H47: µm | I47: =IF(H47="mrad",ROUND(G47*180/PI()/1000,2)&"°",IF(H47="µm",G47/1000&" mm","")) -> 0.2 mm | M47: 380 | O47: 100mm*100mm*49mm | P47: 响应时间 1,32 ms | Q47: 应变片闭环，真空兼容 | R47: 标准品 | S47: The piezoelectric stage XYZ200M is based on APA 200M actuators and posseses a high stiffness. Applications include confocal microscopy, mask positioning, inspection. | T47: 打开 | U47: PDF | V47: =IF(AND(OR('选型速查 Spec Match'!$C$4="全部 All",B47='选型速查 Spec Match'!$C$4),OR('选型速查 Spec Match'!$C$5="",AND(H47='选型速查 Spec Match'!$C$6,N(G47)>='选型速查 Spec Match'!$C$5)),OR('选型速查 Spec Match'!$C$7="",N(J47)>='选型速查 Spec Match'!$C$7),OR('选型速查 Spec Match'!$C$8="",N(M47)>='选型速查 Spec Match'!$C$8)),"✓","") -> ✓ | W47: =IF(V47="✓",COUNTIF($V$2:V47,"✓"),"") -> 46 | X47: https://cedrat-technologies.com/produit/xyz200m/
A48: Fast Piezo Shutters | B48: 压电快门 | C48: Cable for Shutters | D48: Shutter accessory | E48: 快门连接线缆（配件） | F48: 压电快门、快速光闸、高速快门、X射线快门、光束快门、真空快门 | I48: =IF(H48="mrad",ROUND(G48*180/PI()/1000,2)&"°",IF(H48="µm",G48/1000&" mm","")) | P48: 长度 150 cm；接头1 SUB-D9 Femelle；接头2 3 LEMO connectors | R48: 标准品 | S48: This cable is designed to connect the CTEC shutters with the Electronics Rack . | T48: 打开 | U48: PDF | V48: =IF(AND(OR('选型速查 Spec Match'!$C$4="全部 All",B48='选型速查 Spec Match'!$C$4),OR('选型速查 Spec Match'!$C$5="",AND(H48='选型速查 Spec Match'!$C$6,N(G48)>='选型速查 Spec Match'!$C$5)),OR('选型速查 Spec Match'!$C$7="",N(J48)>='选型速查 Spec Match'!$C$7),OR('选型速查 Spec Match'!$C$8="",N(M48)>='选型速查 Spec Match'!$C$8)),"✓","") -> ✓ | W48: =IF(V48="✓",COUNTIF($V$2:V48,"✓"),"") -> 47 | X48: https://cedrat-technologies.com/produit/cable-for-shutters/
A49: Fast Piezo Shutters | B49: 压电快门 | C49: FAPS400M | D49: Fast Amplified Piezo Shutter | E49: 大孔径 X 射线压电快门 | F49: 压电快门、快速光闸、高速快门、X射线快门、光束快门、真空快门 | I49: =IF(H49="mrad",ROUND(G49*180/PI()/1000,2)&"°",IF(H49="µm",G49/1000&" mm","")) | O49: 73mm*54mm*65mm | P49: 最大光束直径 3,0 mm；开/关时间 8 ms；质量 152 g | Q49: 超高真空兼容 | R49: 标准品 | S49: The FAPS400M is a fast shutter for X-ray beam offering the largest aperture of the Cedrat Technologies Shutters family with a stroke higher than 3mm and a short response time lower than 8ms. It is built with 2 APA400M activating a mechanical amplifier or “lever arm”. All the FAPS400M include tungste | T49: 打开 | U49: PDF | V49: =IF(AND(OR('选型速查 Spec Match'!$C$4="全部 All",B49='选型速查 Spec Match'!$C$4),OR('选型速查 Spec Match'!$C$5="",AND(H49='选型速查 Spec Match'!$C$6,N(G49)>='选型速查 Spec Match'!$C$5)),OR('选型速查 Spec Match'!$C$7="",N(J49)>='选型速查 Spec Match'!$C$7),OR('选型速查 Spec Match'!$C$8="",N(M49)>='选型速查 Spec Match'!$C$8)),"✓","") -> ✓ | W49: =IF(V49="✓",COUNTIF($V$2:V49,"✓"),"") -> 48 | X49: https://cedrat-technologies.com/produit/faps400m/
A50: Fast Piezo Shutters | B50: 压电快门 | C50: FPS400M | D50: Fast Piezo Shutter | E50: 压电快门 | F50: 压电快门、快速光闸、高速快门、X射线快门、光束快门、真空快门 | I50: =IF(H50="mrad",ROUND(G50*180/PI()/1000,2)&"°",IF(H50="µm",G50/1000&" mm","")) | O50: 60mm*44mm*21mm | P50: 最大光束直径 0,7 mm；开/关时间 4 ms；质量 84 g | Q50: 超高真空兼容 | R50: 标准品 | S50: The FPS400M (derived from FPS200M) is based on standard amplified piezo actuators APA 400M with a special optical head. The FPS400M is a compact, low jitter and high stroke shutter solution. Tungsten optical teeth are included. | T50: 打开 | U50: PDF | V50: =IF(AND(OR('选型速查 Spec Match'!$C$4="全部 All",B50='选型速查 Spec Match'!$C$4),OR('选型速查 Spec Match'!$C$5="",AND(H50='选型速查 Spec Match'!$C$6,N(G50)>='选型速查 Spec Match'!$C$5)),OR('选型速查 Spec Match'!$C$7="",N(J50)>='选型速查 Spec Match'!$C$7),OR('选型速查 Spec Match'!$C$8="",N(M50)>='选型速查 Spec Match'!$C$8)),"✓","") -> ✓ | W50: =IF(V50="✓",COUNTIF($V$2:V50,"✓"),"") -> 49 | X50: https://cedrat-technologies.com/produit/fps400m/
A51: Fast Piezo Shutters | B51: 压电快门 | C51: FPS900M | D51: Fast Piezo Shutter | E51: 压电快门 | F51: 压电快门、快速光闸、高速快门、X射线快门、光束快门、真空快门 | I51: =IF(H51="mrad",ROUND(G51*180/PI()/1000,2)&"°",IF(H51="µm",G51/1000&" mm","")) | O51: 60mm*44mm*23mm | P51: 最大光束直径 1,1 mm；开/关时间 10 ms；质量 82 g | Q51: 超高真空兼容 | R51: 按需定制 | S51: The FPS900M (derived from FPS400M) is based on customized amplified piezo actuators APA900M with a special optical head. The FPS900M is a compact, low jitter and high stroke shutter solution. Tungsten optical teeth are included. | T51: 打开 | U51: PDF | V51: =IF(AND(OR('选型速查 Spec Match'!$C$4="全部 All",B51='选型速查 Spec Match'!$C$4),OR('选型速查 Spec Match'!$C$5="",AND(H51='选型速查 Spec Match'!$C$6,N(G51)>='选型速查 Spec Match'!$C$5)),OR('选型速查 Spec Match'!$C$7="",N(J51)>='选型速查 Spec Match'!$C$7),OR('选型速查 Spec Match'!$C$8="",N(M51)>='选型速查 Spec Match'!$C$8)),"✓","") -> ✓ | W51: =IF(V51="✓",COUNTIF($V$2:V51,"✓"),"") -> 50 | X51: https://cedrat-technologies.com/produit/fps900m/
A52: Fast Piezo Shutters | B52: 压电快门 | C52: Vacuum Box | D52: Shutter accessory | E52: 快门真空盒（配件） | F52: 压电快门、快速光闸、高速快门、X射线快门、光束快门、真空快门 | I52: =IF(H52="mrad",ROUND(G52*180/PI()/1000,2)&"°",IF(H52="µm",G52/1000&" mm","")) | O52: 93mm*105mm*144mm | P52: 真空接口 KF40；质量 1,3 Kg | R52: 标准品 | S52: CTEC has developed a fully integrated solution for FPS and FAPS products in Vacuum Environments. The Shutter is mounted inside the Box with vacuum cable feedtrought. The shutter can be unmounted and mounted again without removing the Vacuum Box from the beamline. | T52: 打开 | U52: PDF | V52: =IF(AND(OR('选型速查 Spec Match'!$C$4="全部 All",B52='选型速查 Spec Match'!$C$4),OR('选型速查 Spec Match'!$C$5="",AND(H52='选型速查 Spec Match'!$C$6,N(G52)>='选型速查 Spec Match'!$C$5)),OR('选型速查 Spec Match'!$C$7="",N(J52)>='选型速查 Spec Match'!$C$7),OR('选型速查 Spec Match'!$C$8="",N(M52)>='选型速查 Spec Match'!$C$8)),"✓","") -> ✓ | W52: =IF(V52="✓",COUNTIF($V$2:V52,"✓"),"") -> 51 | X52: https://cedrat-technologies.com/produit/vacuum-box/
A53: Stepping Piezo Actuators (piezo motors) | B53: 步进压电电机（压电马达） | C53: FSPA35XS | D53: Fine Stepping Piezo Actuator | E53: 精细步进压电电机（带减速） | F53: 压电电机、压电马达、压电直线电机、步进压电电机、惯性压电电机、粘滑压电驱动器、压电旋转电机、无磁电机、MRI兼容电机 | G53: 5 | H53: mm | I53: =IF(H53="mrad",ROUND(G53*180/PI()/1000,2)&"°",IF(H53="µm",G53/1000&" mm","")) | J53: 100 | K53: 驱动力 | P53: 典型寿命 100 cycles | Q53: 微/纳定位，锁止机构 | R53: 预发布 | S53: Fine Stepping Piezo Actuator (FSPA35XS) is a patented actuator that combines SPA technology with mechanical reduction. Step sizes lower than 100nm are achievable in fine displacement. Typical max speed for this FSPA is 200 um/s. | T53: 打开 | U53: PDF | V53: =IF(AND(OR('选型速查 Spec Match'!$C$4="全部 All",B53='选型速查 Spec Match'!$C$4),OR('选型速查 Spec Match'!$C$5="",AND(H53='选型速查 Spec Match'!$C$6,N(G53)>='选型速查 Spec Match'!$C$5)),OR('选型速查 Spec Match'!$C$7="",N(J53)>='选型速查 Spec Match'!$C$7),OR('选型速查 Spec Match'!$C$8="",N(M53)>='选型速查 Spec Match'!$C$8)),"✓","") -> ✓ | W53: =IF(V53="✓",COUNTIF($V$2:V53,"✓"),"") -> 52 | X53: https://cedrat-technologies.com/produit/fspa35xs/
A54: Stepping Piezo Actuators (piezo motors) | B54: 步进压电电机（压电马达） | C54: LSPA30uXS | D54: Linear Stepping Piezo Actuator | E54: 微型直线压电电机 | F54: 压电电机、压电马达、压电直线电机、步进压电电机、惯性压电电机、粘滑压电驱动器、压电旋转电机、无磁电机、MRI兼容电机 | G54: 6 | H54: mm | I54: =IF(H54="mrad",ROUND(G54*180/PI()/1000,2)&"°",IF(H54="µm",G54/1000&" mm","")) | J54: 0.3 | K54: 驱动力 | P54: 质量 1,9 g；最大速度 70 mm/s | Q54: 无磁，MRI兼容 | R54: 原型 | S54: The Linear Stepping Piezo Actuator LSPA30uXS is a high-force density stepping linear micro piezomotor. | T54: 打开 | U54: PDF | V54: =IF(AND(OR('选型速查 Spec Match'!$C$4="全部 All",B54='选型速查 Spec Match'!$C$4),OR('选型速查 Spec Match'!$C$5="",AND(H54='选型速查 Spec Match'!$C$6,N(G54)>='选型速查 Spec Match'!$C$5)),OR('选型速查 Spec Match'!$C$7="",N(J54)>='选型速查 Spec Match'!$C$7),OR('选型速查 Spec Match'!$C$8="",N(M54)>='选型速查 Spec Match'!$C$8)),"✓","") -> ✓ | W54: =IF(V54="✓",COUNTIF($V$2:V54,"✓"),"") -> 53 | X54: https://cedrat-technologies.com/produit/lspa30uxs/
A55: Stepping Piezo Actuators (piezo motors) | B55: 步进压电电机（压电马达） | C55: LSPA35XS | D55: Linear Stepping Piezo Actuator | E55: 直线压电电机 | F55: 压电电机、压电马达、压电直线电机、步进压电电机、惯性压电电机、粘滑压电驱动器、压电旋转电机、无磁电机、MRI兼容电机 | G55: 10 | H55: mm | I55: =IF(H55="mrad",ROUND(G55*180/PI()/1000,2)&"°",IF(H55="µm",G55/1000&" mm","")) | J55: 1 | K55: 驱动力 | P55: 质量 5 g；最大速度 30 mm/s | Q55: 无磁 | R55: 原型 | S55: The Linear Stepping Piezo Actuator LSPA35XS is a high-force density stepping linear micro piezomotor. | T55: 打开 | U55: PDF | V55: =IF(AND(OR('选型速查 Spec Match'!$C$4="全部 All",B55='选型速查 Spec Match'!$C$4),OR('选型速查 Spec Match'!$C$5="",AND(H55='选型速查 Spec Match'!$C$6,N(G55)>='选型速查 Spec Match'!$C$5)),OR('选型速查 Spec Match'!$C$7="",N(J55)>='选型速查 Spec Match'!$C$7),OR('选型速查 Spec Match'!$C$8="",N(M55)>='选型速查 Spec Match'!$C$8)),"✓","") -> ✓ | W55: =IF(V55="✓",COUNTIF($V$2:V55,"✓"),"") -> 54 | X55: https://cedrat-technologies.com/produit/lspa35xs/
A56: Stepping Piezo Actuators (piezo motors) | B56: 步进压电电机（压电马达） | C56: MSPA30uXS | D56: Modular Stepping Piezo Actuator | E56: 模块化压电电机（直线/旋转） | F56: 压电电机、压电马达、压电直线电机、步进压电电机、惯性压电电机、粘滑压电驱动器、压电旋转电机、无磁电机、MRI兼容电机 | I56: =IF(H56="mrad",ROUND(G56*180/PI()/1000,2)&"°",IF(H56="µm",G56/1000&" mm","")) | J56: 0.3 | K56: 驱动力 | P56: 体积 2 cm³；最大速度 50 mm/s；寿命 >2 Km | Q56: 无磁，真空兼容 | R56: 预发布 | S56: MSPA is a module that provides unlimited motion in both rotation and translation. Since it’s a module it easily fits any existing devices requiring 0.3 N of driving force. | T56: 打开 | U56: PDF | V56: =IF(AND(OR('选型速查 Spec Match'!$C$4="全部 All",B56='选型速查 Spec Match'!$C$4),OR('选型速查 Spec Match'!$C$5="",AND(H56='选型速查 Spec Match'!$C$6,N(G56)>='选型速查 Spec Match'!$C$5)),OR('选型速查 Spec Match'!$C$7="",N(J56)>='选型速查 Spec Match'!$C$7),OR('选型速查 Spec Match'!$C$8="",N(M56)>='选型速查 Spec Match'!$C$8)),"✓","") -> ✓ | W56: =IF(V56="✓",COUNTIF($V$2:V56,"✓"),"") -> 55 | X56: https://cedrat-technologies.com/produit/mspa30uxs/
A57: Stepping Piezo Actuators (piezo motors) | B57: 步进压电电机（压电马达） | C57: MSPA35XS | D57: Modular Stepping Piezo Actuator | E57: 模块化压电电机（直线/旋转） | F57: 压电电机、压电马达、压电直线电机、步进压电电机、惯性压电电机、粘滑压电驱动器、压电旋转电机、无磁电机、MRI兼容电机 | I57: =IF(H57="mrad",ROUND(G57*180/PI()/1000,2)&"°",IF(H57="µm",G57/1000&" mm","")) | J57: 1 | K57: 驱动力 | P57: 体积 7 cm³；最大速度 20 mm/s；寿命 >2 Km | Q57: 无磁，真空兼容 | R57: 预发布 | S57: MSPA is a module that provides unlimited motion in both rotation and translation. Since it’s a module it easily fits any existing devices requiring 1 N of driving force. | T57: 打开 | U57: PDF | V57: =IF(AND(OR('选型速查 Spec Match'!$C$4="全部 All",B57='选型速查 Spec Match'!$C$4),OR('选型速查 Spec Match'!$C$5="",AND(H57='选型速查 Spec Match'!$C$6,N(G57)>='选型速查 Spec Match'!$C$5)),OR('选型速查 Spec Match'!$C$7="",N(J57)>='选型速查 Spec Match'!$C$7),OR('选型速查 Spec Match'!$C$8="",N(M57)>='选型速查 Spec Match'!$C$8)),"✓","") -> ✓ | W57: =IF(V57="✓",COUNTIF($V$2:V57,"✓"),"") -> 56 | X57: https://cedrat-technologies.com/produit/mspa35xs/
A58: Stepping Piezo Actuators (piezo motors) | B58: 步进压电电机（压电马达） | C58: MSPA40SM | D58: Modular Stepping Piezo Actuator | E58: 模块化压电电机（直线/旋转） | F58: 压电电机、压电马达、压电直线电机、步进压电电机、惯性压电电机、粘滑压电驱动器、压电旋转电机、无磁电机、MRI兼容电机 | I58: =IF(H58="mrad",ROUND(G58*180/PI()/1000,2)&"°",IF(H58="µm",G58/1000&" mm","")) | J58: 2.5 | K58: 驱动力 | P58: 体积 20 cm³；最大速度 10 mm/s；寿命 >2 Km | Q58: 无磁，真空兼容 | R58: 预发布 | S58: MSPA is a module that provides unlimited motion in both rotation and translation. Since it’s a module it easily fits any existing devices requiring 25 N of driving force. | T58: 打开 | U58: PDF | V58: =IF(AND(OR('选型速查 Spec Match'!$C$4="全部 All",B58='选型速查 Spec Match'!$C$4),OR('选型速查 Spec Match'!$C$5="",AND(H58='选型速查 Spec Match'!$C$6,N(G58)>='选型速查 Spec Match'!$C$5)),OR('选型速查 Spec Match'!$C$7="",N(J58)>='选型速查 Spec Match'!$C$7),OR('选型速查 Spec Match'!$C$8="",N(M58)>='选型速查 Spec Match'!$C$8)),"✓","") -> ✓ | W58: =IF(V58="✓",COUNTIF($V$2:V58,"✓"),"") -> 57 | X58: https://cedrat-technologies.com/produit/mspa40sm/
A59: Stepping Piezo Actuators (piezo motors) | B59: 步进压电电机（压电马达） | C59: RSPA30XS | D59: Rotary Stepping Piezo Actuator | E59: 旋转压电电机 | F59: 压电电机、压电马达、压电直线电机、步进压电电机、惯性压电电机、粘滑压电驱动器、压电旋转电机、无磁电机、MRI兼容电机 | H59: 旋转（不限角度） | I59: =IF(H59="mrad",ROUND(G59*180/PI()/1000,2)&"°",IF(H59="µm",G59/1000&" mm","")) | P59: 质量 3 g；最大速度 65 rpm；最大驱动力 1,33 Nmm | R59: 预发布 | S59: Rotary Stepping Piezoelectric Actuators (RSPA) are new long-stroke rotating piezoelectric motors for micro/nano positioning applications benefiting from the APA® heritage. They operate by accumulation of small steps. | T59: 打开 | U59: PDF | V59: =IF(AND(OR('选型速查 Spec Match'!$C$4="全部 All",B59='选型速查 Spec Match'!$C$4),OR('选型速查 Spec Match'!$C$5="",AND(H59='选型速查 Spec Match'!$C$6,N(G59)>='选型速查 Spec Match'!$C$5)),OR('选型速查 Spec Match'!$C$7="",N(J59)>='选型速查 Spec Match'!$C$7),OR('选型速查 Spec Match'!$C$8="",N(M59)>='选型速查 Spec Match'!$C$8)),"✓","") -> ✓ | W59: =IF(V59="✓",COUNTIF($V$2:V59,"✓"),"") -> 58 | X59: https://cedrat-technologies.com/produit/rspa30xs/
A60: Stepping Piezo Stages | B60: 压电电机直线位移台 | C60: LSPS35XS | D60: Linear Stepping Piezo Stage | E60: 压电电机直线位移台 | F60: 压电电机位移台、压电直线台、长行程纳米位移台、纳米步进台 | G60: 10 | H60: mm | I60: =IF(H60="mrad",ROUND(G60*180/PI()/1000,2)&"°",IF(H60="µm",G60/1000&" mm","")) | J60: 1 | K60: 驱动力 | O60: 30mm*30mm | P60: 最大速度 30 mm/s | R60: 原型 | S60: The Linear Stepping Piezo Stage LSPS35XS is based on the Stepping Piezo Actuator’s principle. It provides both long stroke and micro positioning resolution. | T60: 打开 | U60: PDF | V60: =IF(AND(OR('选型速查 Spec Match'!$C$4="全部 All",B60='选型速查 Spec Match'!$C$4),OR('选型速查 Spec Match'!$C$5="",AND(H60='选型速查 Spec Match'!$C$6,N(G60)>='选型速查 Spec Match'!$C$5)),OR('选型速查 Spec Match'!$C$7="",N(J60)>='选型速查 Spec Match'!$C$7),OR('选型速查 Spec Match'!$C$8="",N(M60)>='选型速查 Spec Match'!$C$8)),"✓","") -> ✓ | W60: =IF(V60="✓",COUNTIF($V$2:V60,"✓"),"") -> 59 | X60: https://cedrat-technologies.com/produit/lsps35xs/
A61: Stepping Piezo Stages | B61: 压电电机直线位移台 | C61: LSPS40SM | D61: Linear Stepping Piezo Stage | E61: 压电电机直线位移台 | F61: 压电电机位移台、压电直线台、长行程纳米位移台、纳米步进台 | G61: 10 | H61: mm | I61: =IF(H61="mrad",ROUND(G61*180/PI()/1000,2)&"°",IF(H61="µm",G61/1000&" mm","")) | J61: 1 | K61: 驱动力 | O61: 30mm*30mm | P61: 最大速度 30 mm/s | R61: 预发布 | S61: The Linear Stepping Piezo Stage LSPS40SM is based on the Stepping Piezo Actuator’s principle. It provides both long stroke and micro positioning resolution. | T61: 打开 | U61: PDF | V61: =IF(AND(OR('选型速查 Spec Match'!$C$4="全部 All",B61='选型速查 Spec Match'!$C$4),OR('选型速查 Spec Match'!$C$5="",AND(H61='选型速查 Spec Match'!$C$6,N(G61)>='选型速查 Spec Match'!$C$5)),OR('选型速查 Spec Match'!$C$7="",N(J61)>='选型速查 Spec Match'!$C$7),OR('选型速查 Spec Match'!$C$8="",N(M61)>='选型速查 Spec Match'!$C$8)),"✓","") -> ✓ | W61: =IF(V61="✓",COUNTIF($V$2:V61,"✓"),"") -> 60 | X61: https://cedrat-technologies.com/produit/lsps40sm/
A62: Piezo Motor Controllers | B62: 压电电机控制器 | C62: SPC45 | D62: Stepping Piezo Controller | E62: 步进压电电机控制板 | F62: 压电电机控制器、压电马达驱动器 | I62: =IF(H62="mrad",ROUND(G62*180/PI()/1000,2)&"°",IF(H62="µm",G62/1000&" mm","")) | P62: 控制通道数 1；最大输出电流 5mA | S62: The Stepping Piezo Controller SPC45 is the driver board of the SPA30uXS. It includes control functions, numerical and analogical interfaces and serial communication ports. The SPC45 is powered with the provided standard AC/DC converter (12V to 24V). | T62: 打开 | U62: PDF | V62: =IF(AND(OR('选型速查 Spec Match'!$C$4="全部 All",B62='选型速查 Spec Match'!$C$4),OR('选型速查 Spec Match'!$C$5="",AND(H62='选型速查 Spec Match'!$C$6,N(G62)>='选型速查 Spec Match'!$C$5)),OR('选型速查 Spec Match'!$C$7="",N(J62)>='选型速查 Spec Match'!$C$7),OR('选型速查 Spec Match'!$C$8="",N(M62)>='选型速查 Spec Match'!$C$8)),"✓","") -> ✓ | W62: =IF(V62="✓",COUNTIF($V$2:V62,"✓"),"") -> 61 | X62: https://cedrat-technologies.com/produit/spc45/
A63: Fast Steering Mirrors (FSM) | B63: 快速反射镜（快反镜） | C63: P-FSM150S | D63: Piezoelectric Fast Steering Mirror | E63: 压电快反镜 | F63: 快反镜、快速反射镜、快速控制反射镜、快速偏转镜、快速倾斜镜、精跟踪镜、精瞄镜、指向镜、FSM | G63: 18 | H63: mrad | I63: =IF(H63="mrad",ROUND(G63*180/PI()/1000,2)&"°",IF(H63="µm",G63/1000&" mm","")) -> 1.03° | M63: 700 | O63: 61mm*63mm*H30mm | R63: 标准品 | S63: The P-FSM150S is a piezo based Fast Steering Mirror of +15 mm diameter clear aperture (in SiC, metallic or glass substrate) with +18 mrad angular stroke. The P-FSM150S is equipped with Strain Gages positioning sensor for accurate positioning control. The P-FSM150S has been qualified for Space enviro | T63: 打开 | U63: PDF | V63: =IF(AND(OR('选型速查 Spec Match'!$C$4="全部 All",B63='选型速查 Spec Match'!$C$4),OR('选型速查 Spec Match'!$C$5="",AND(H63='选型速查 Spec Match'!$C$6,N(G63)>='选型速查 Spec Match'!$C$5)),OR('选型速查 Spec Match'!$C$7="",N(J63)>='选型速查 Spec Match'!$C$7),OR('选型速查 Spec Match'!$C$8="",N(M63)>='选型速查 Spec Match'!$C$8)),"✓","") -> ✓ | W63: =IF(V63="✓",COUNTIF($V$2:V63,"✓"),"") -> 62 | X63: https://cedrat-technologies.com/produit/p-fsm150s/
A64: Fast Steering Mirrors (FSM) | B64: 快速反射镜（快反镜） | C64: M-FSM45 | D64: Magnetic Fast Steering Mirror | E64: 磁驱快反镜 | F64: 快反镜、快速反射镜、快速控制反射镜、快速偏转镜、快速倾斜镜、精跟踪镜、精瞄镜、指向镜、FSM | G64: 50 | H64: mrad | I64: =IF(H64="mrad",ROUND(G64*180/PI()/1000,2)&"°",IF(H64="µm",G64/1000&" mm","")) -> 2.86° | M64: 100 | O64: Ø45mm*40mm | R64: 标准品 | S64: The M-FSM45 is a Magnetic based Fast Steering Mirror of +15 mm diameter clear aperture (in SiC, metallic or glass substrate) with +50 mrad angular stroke. The M-FSM45 is equipped with Eddy Current positioning sensors (ECS) for accurate positioning control. It is space-qualified for free space optica | T64: 打开 | U64: PDF | V64: =IF(AND(OR('选型速查 Spec Match'!$C$4="全部 All",B64='选型速查 Spec Match'!$C$4),OR('选型速查 Spec Match'!$C$5="",AND(H64='选型速查 Spec Match'!$C$6,N(G64)>='选型速查 Spec Match'!$C$5)),OR('选型速查 Spec Match'!$C$7="",N(J64)>='选型速查 Spec Match'!$C$7),OR('选型速查 Spec Match'!$C$8="",N(M64)>='选型速查 Spec Match'!$C$8)),"✓","") -> ✓ | W64: =IF(V64="✓",COUNTIF($V$2:V64,"✓"),"") -> 63 | X64: https://cedrat-technologies.com/produit/m-fsm45/
A65: Fast Steering Mirrors (FSM) | B65: 快速反射镜（快反镜） | C65: M-FSM45-HPL | D65: Magnetic Fast Steering Mirror for High Power Laser | E65: 高功率激光用磁驱快反镜 | F65: 快反镜、快速反射镜、快速控制反射镜、快速偏转镜、快速倾斜镜、精跟踪镜、精瞄镜、指向镜、FSM | G65: 90 | H65: mrad | I65: =IF(H65="mrad",ROUND(G65*180/PI()/1000,2)&"°",IF(H65="µm",G65/1000&" mm","")) -> 5.16° | M65: 80 | O65: ⌀45 * 60mm | R65: 标准品 | S65: The M-FSM45-HPL is a Magnetic based Fast Steering Mirror for High Power Laser of +16 mm diameter clear aperture (in SiC, metallic or glass substrate) with +90 mrad angular stroke. The M-FSM45-HPL is equipped with Eddy Current positioning sensors (ECS) for accurate positioning control. It is space-qu | T65: 打开 | U65: PDF | V65: =IF(AND(OR('选型速查 Spec Match'!$C$4="全部 All",B65='选型速查 Spec Match'!$C$4),OR('选型速查 Spec Match'!$C$5="",AND(H65='选型速查 Spec Match'!$C$6,N(G65)>='选型速查 Spec Match'!$C$5)),OR('选型速查 Spec Match'!$C$7="",N(J65)>='选型速查 Spec Match'!$C$7),OR('选型速查 Spec Match'!$C$8="",N(M65)>='选型速查 Spec Match'!$C$8)),"✓","") -> ✓ | W65: =IF(V65="✓",COUNTIF($V$2:V65,"✓"),"") -> 64 | X65: https://cedrat-technologies.com/produit/m-fsm45-hpl/
A66: Fast Steering Mirrors (FSM) | B66: 快速反射镜（快反镜） | C66: M-FSM62 | D66: Magnetic Fast Steering Mirror | E66: 磁驱快反镜（大口径） | F66: 快反镜、快速反射镜、快速控制反射镜、快速偏转镜、快速倾斜镜、精跟踪镜、精瞄镜、指向镜、FSM | G66: 140 | H66: mrad | I66: =IF(H66="mrad",ROUND(G66*180/PI()/1000,2)&"°",IF(H66="µm",G66/1000&" mm","")) -> 8.02° | M66: 100 | O66: Ø62mm*60mm | R66: 标准品 | S66: The MFSM62 is a Magnetic based Fast Steering Mirror of +30 mm diameter clear aperture in SiC substrate with 140 mrad angular stroke in open loop and 120 mrad in closed loop. The MFSM62 can be equipped with Eddy Current positioning sensor (ECS) for accurate positioning control. | T66: 打开 | U66: PDF | V66: =IF(AND(OR('选型速查 Spec Match'!$C$4="全部 All",B66='选型速查 Spec Match'!$C$4),OR('选型速查 Spec Match'!$C$5="",AND(H66='选型速查 Spec Match'!$C$6,N(G66)>='选型速查 Spec Match'!$C$5)),OR('选型速查 Spec Match'!$C$7="",N(J66)>='选型速查 Spec Match'!$C$7),OR('选型速查 Spec Match'!$C$8="",N(M66)>='选型速查 Spec Match'!$C$8)),"✓","") -> ✓ | W66: =IF(V66="✓",COUNTIF($V$2:V66,"✓"),"") -> 65 | X66: https://cedrat-technologies.com/produit/m-fsm62/
A67: Fast Steering Platforms (tip-tilt) | B67: 压电偏摆台（Tip-Tilt 倾斜台） | C67: DTT15XS-SG | D67: Dynamic Tip-Tilt Mechanism | E67: 压电二维偏摆台（带应变闭环） | F67: 压电偏摆台、压电倾斜台、Tip-Tilt、二维偏转台、倾斜镜、摆镜、高速偏摆镜、压电偏转镜 | G67: 2 | H67: mrad | I67: =IF(H67="mrad",ROUND(G67*180/PI()/1000,2)&"°",IF(H67="µm",G67/1000&" mm","")) -> 0.11° | M67: 3000 | O67: 40mm*40mm*24mm | R67: 标准品 | S67: The Dynamic Tip Tilt DTT15XS-SG is a piezo based fast-steering platform able to rotate Fused Silica based mirror along 2 orthogonal axes with 2 mrad angular stroke. The DTT15XS-SG is equipped with Strain Gages positioning sensor & embedded conditioning board for accurate positioning control. The DTT | T67: 打开 | U67: PDF | V67: =IF(AND(OR('选型速查 Spec Match'!$C$4="全部 All",B67='选型速查 Spec Match'!$C$4),OR('选型速查 Spec Match'!$C$5="",AND(H67='选型速查 Spec Match'!$C$6,N(G67)>='选型速查 Spec Match'!$C$5)),OR('选型速查 Spec Match'!$C$7="",N(J67)>='选型速查 Spec Match'!$C$7),OR('选型速查 Spec Match'!$C$8="",N(M67)>='选型速查 Spec Match'!$C$8)),"✓","") -> ✓ | W67: =IF(V67="✓",COUNTIF($V$2:V67,"✓"),"") -> 66 | X67: https://cedrat-technologies.com/produit/dtt15xs-sg/
A68: Fast Steering Platforms (tip-tilt) | B68: 压电偏摆台（Tip-Tilt 倾斜台） | C68: DTT35XS-SG | D68: Dynamic Tip-Tilt Mechanism | E68: 压电二维偏摆台（带应变闭环） | F68: 压电偏摆台、压电倾斜台、Tip-Tilt、二维偏转台、倾斜镜、摆镜、高速偏摆镜、压电偏转镜 | G68: 5 | H68: mrad | I68: =IF(H68="mrad",ROUND(G68*180/PI()/1000,2)&"°",IF(H68="µm",G68/1000&" mm","")) -> 0.29° | M68: 2600 | O68: Ø45mm*22mm | R68: 标准品 | S68: The Dynamic Tip Tilt DTT35XS-SG is a piezo based fast-steering platform able to rotate Fused Silica based mirror along 2 orthogonal axes with 5 mrad angular stroke. The DTT35XS-SG is equipped with Strain Gages positioning sensor for accurate positioning control. The DTT35XS-SG is suitable for glass | T68: 打开 | U68: PDF | V68: =IF(AND(OR('选型速查 Spec Match'!$C$4="全部 All",B68='选型速查 Spec Match'!$C$4),OR('选型速查 Spec Match'!$C$5="",AND(H68='选型速查 Spec Match'!$C$6,N(G68)>='选型速查 Spec Match'!$C$5)),OR('选型速查 Spec Match'!$C$7="",N(J68)>='选型速查 Spec Match'!$C$7),OR('选型速查 Spec Match'!$C$8="",N(M68)>='选型速查 Spec Match'!$C$8)),"✓","") -> ✓ | W68: =IF(V68="✓",COUNTIF($V$2:V68,"✓"),"") -> 67 | X68: https://cedrat-technologies.com/produit/dtt35xs-sg/
A69: Fast Steering Platforms (tip-tilt) | B69: 压电偏摆台（Tip-Tilt 倾斜台） | C69: DTT60SM-SG | D69: Dynamic Tip-Tilt Mechanism | E69: 压电二维偏摆台（带应变闭环） | F69: 压电偏摆台、压电倾斜台、Tip-Tilt、二维偏转台、倾斜镜、摆镜、高速偏摆镜、压电偏转镜 | G69: 10 | H69: mrad | I69: =IF(H69="mrad",ROUND(G69*180/PI()/1000,2)&"°",IF(H69="µm",G69/1000&" mm","")) -> 0.57° | M69: 1750 | O69: Ø65mm * 40 mm | R69: 标准品 | S69: The piezo tip tilt DTT60SM-SG generates 2 rotations around axis X (tip) and Y (tilt). It includes strain gages (SG) positioning sensors and their build-in SG conditioner electronic board for higher resolution and positioning control robustness in embedded and field applications. The optical deflecti | T69: 打开 | U69: PDF | V69: =IF(AND(OR('选型速查 Spec Match'!$C$4="全部 All",B69='选型速查 Spec Match'!$C$4),OR('选型速查 Spec Match'!$C$5="",AND(H69='选型速查 Spec Match'!$C$6,N(G69)>='选型速查 Spec Match'!$C$5)),OR('选型速查 Spec Match'!$C$7="",N(J69)>='选型速查 Spec Match'!$C$7),OR('选型速查 Spec Match'!$C$8="",N(M69)>='选型速查 Spec Match'!$C$8)),"✓","") -> ✓ | W69: =IF(V69="✓",COUNTIF($V$2:V69,"✓"),"") -> 68 | X69: https://cedrat-technologies.com/produit/dtt60sm-sg/
A70: Fast Steering Platforms (tip-tilt) | B70: 压电偏摆台（Tip-Tilt 倾斜台） | C70: TT60SM-SG | D70: Tilt Translator | E70: 压电单轴倾斜/平移台 | F70: 压电偏摆台、压电倾斜台、Tip-Tilt、二维偏转台、倾斜镜、摆镜、高速偏摆镜、压电偏转镜 | G70: 20 | H70: mrad | I70: =IF(H70="mrad",ROUND(G70*180/PI()/1000,2)&"°",IF(H70="µm",G70/1000&" mm","")) -> 1.15° | M70: 2180 | O70: ⌀55*25 mm | R70: 标准品 | S70: The tilt translator is based on 2 APA 60SM actuators. Two types of movement can be generated: translation and tilt but only Tilt motion is available in standard definition. | T70: 打开 | U70: PDF | V70: =IF(AND(OR('选型速查 Spec Match'!$C$4="全部 All",B70='选型速查 Spec Match'!$C$4),OR('选型速查 Spec Match'!$C$5="",AND(H70='选型速查 Spec Match'!$C$6,N(G70)>='选型速查 Spec Match'!$C$5)),OR('选型速查 Spec Match'!$C$7="",N(J70)>='选型速查 Spec Match'!$C$7),OR('选型速查 Spec Match'!$C$8="",N(M70)>='选型速查 Spec Match'!$C$8)),"✓","") -> ✓ | W70: =IF(V70="✓",COUNTIF($V$2:V70,"✓"),"") -> 69 | X70: https://cedrat-technologies.com/produit/tt60sm-sg/
A71: Linear Magnetic Actuators (MICA) | B71: 磁驱直线作动器（动铁式） | C71: MICA20CS-FB | D71: Moving Iron Controllable Actuator | E71: 动铁式磁驱作动器（柔性导向） | F71: 电磁作动器、磁驱作动器、动铁式作动器、直线电磁执行器、音圈作动器（类似用途）、音圈电机 | G71: 4 | H71: mm | I71: =IF(H71="mrad",ROUND(G71*180/PI()/1000,2)&"°",IF(H71="µm",G71/1000&" mm","")) | J71: 50 | K71: 持续出力 | P71: 动态出力 70 N | R71: 标准品 | S71: The MICA20CS-FB provides 50 N continuous force with a 4 mm stroke, offering high resolution and efficiency in a small footprint. Its flexure bearing ensures maintenance-free operation, while optimized thermal management improves stability. Works seamlessly with CTEC’s MCSA480 amplifier and other sta | T71: 打开 | U71: PDF | V71: =IF(AND(OR('选型速查 Spec Match'!$C$4="全部 All",B71='选型速查 Spec Match'!$C$4),OR('选型速查 Spec Match'!$C$5="",AND(H71='选型速查 Spec Match'!$C$6,N(G71)>='选型速查 Spec Match'!$C$5)),OR('选型速查 Spec Match'!$C$7="",N(J71)>='选型速查 Spec Match'!$C$7),OR('选型速查 Spec Match'!$C$8="",N(M71)>='选型速查 Spec Match'!$C$8)),"✓","") -> ✓ | W71: =IF(V71="✓",COUNTIF($V$2:V71,"✓"),"") -> 70 | X71: https://cedrat-technologies.com/produit/mica20cs-fb/
A72: Linear Magnetic Actuators (MICA) | B72: 磁驱直线作动器（动铁式） | C72: MICA300CM-FB | D72: Moving Iron Controllable Actuator | E72: 动铁式磁驱作动器（大出力） | F72: 电磁作动器、磁驱作动器、动铁式作动器、直线电磁执行器、音圈作动器（类似用途）、音圈电机 | G72: 8 | H72: mm | I72: =IF(H72="mrad",ROUND(G72*180/PI()/1000,2)&"°",IF(H72="µm",G72/1000&" mm","")) | J72: 220 | K72: 持续出力 | P72: 动态出力 350 N | R72: 标准品 | S72: The MICA300CM-FB delivers 220 N continuous force with an 8 mm stroke, making it ideal for dynamic applications requiring high power in a compact design. Its frictionless flexure bearing ensures long lifespan and precision, while low self-heating enhances reliability. Compatible with CTEC’s MCSA480 a | T72: 打开 | U72: PDF | V72: =IF(AND(OR('选型速查 Spec Match'!$C$4="全部 All",B72='选型速查 Spec Match'!$C$4),OR('选型速查 Spec Match'!$C$5="",AND(H72='选型速查 Spec Match'!$C$6,N(G72)>='选型速查 Spec Match'!$C$5)),OR('选型速查 Spec Match'!$C$7="",N(J72)>='选型速查 Spec Match'!$C$7),OR('选型速查 Spec Match'!$C$8="",N(M72)>='选型速查 Spec Match'!$C$8)),"✓","") -> ✓ | W72: =IF(V72="✓",COUNTIF($V$2:V72,"✓"),"") -> 71 | X72: https://cedrat-technologies.com/produit/mica300cm-fb/
A73: Proof Mass Magnetic Actuators | B73: 惯性作动器（主动减振） | C73: MICA20CS-PM | D73: Compact Proof Mass Actuator | E73: 紧凑型惯性作动器 | F73: 惯性作动器、主动减振作动器、主动隔振作动器、惯性激振器、质量块作动器、电磁激振器 | I73: =IF(H73="mrad",ROUND(G73*180/PI()/1000,2)&"°",IF(H73="µm",G73/1000&" mm","")) | J73: 70 | K73: 动态出力 | M73: 30 | P73: 动态电流 0.9 A | R73: 标准品 | S73: The MICA20CS-PM offers a highly compact solution for precision vibration control. Its proof mass design enables efficient dynamic force generation, ideal for small-scale damping and excitation applications. Equipped with a frictionless flexure bearing, it ensures maintenance-free reliability and int | T73: 打开 | U73: PDF | V73: =IF(AND(OR('选型速查 Spec Match'!$C$4="全部 All",B73='选型速查 Spec Match'!$C$4),OR('选型速查 Spec Match'!$C$5="",AND(H73='选型速查 Spec Match'!$C$6,N(G73)>='选型速查 Spec Match'!$C$5)),OR('选型速查 Spec Match'!$C$7="",N(J73)>='选型速查 Spec Match'!$C$7),OR('选型速查 Spec Match'!$C$8="",N(M73)>='选型速查 Spec Match'!$C$8)),"✓","") -> ✓ | W73: =IF(V73="✓",COUNTIF($V$2:V73,"✓"),"") -> 72 | X73: https://cedrat-technologies.com/produit/mica20cs-pm/
A74: Proof Mass Magnetic Actuators | B74: 惯性作动器（主动减振） | C74: MICA300CM-PM | D74: High-Force Proof Mass Actuator | E74: 大出力惯性作动器 | F74: 惯性作动器、主动减振作动器、主动隔振作动器、惯性激振器、质量块作动器、电磁激振器 | I74: =IF(H74="mrad",ROUND(G74*180/PI()/1000,2)&"°",IF(H74="µm",G74/1000&" mm","")) | J74: 350 | K74: 动态出力 | M74: 25 | P74: 动态电流 15 A | R74: 标准品 | S74: The MICA300CM-PM is designed for vibration excitation and damping in structural applications. Its proof mass configuration optimizes dynamic force generation at resonance, making it ideal for machining tools, active damping systems, and structural testing. Featuring flexure bearing technology for lo | T74: 打开 | U74: PDF | V74: =IF(AND(OR('选型速查 Spec Match'!$C$4="全部 All",B74='选型速查 Spec Match'!$C$4),OR('选型速查 Spec Match'!$C$5="",AND(H74='选型速查 Spec Match'!$C$6,N(G74)>='选型速查 Spec Match'!$C$5)),OR('选型速查 Spec Match'!$C$7="",N(J74)>='选型速查 Spec Match'!$C$7),OR('选型速查 Spec Match'!$C$8="",N(M74)>='选型速查 Spec Match'!$C$8)),"✓","") -> ✓ | W74: =IF(V74="✓",COUNTIF($V$2:V74,"✓"),"") -> 73 | X74: https://cedrat-technologies.com/produit/mica300cm-pm/
A75: Magnetic Controllers | B75: 磁驱作动器驱动器 | C75: CMAu10 | D75: Compact Linear Amplifier | E75: 磁驱作动器线性功放（紧凑型） | F75: 音圈电机驱动器、电磁作动器功放、快反镜驱动器、线性功率放大器 | I75: =IF(H75="mrad",ROUND(G75*180/PI()/1000,2)&"°",IF(H75="µm",G75/1000&" mm","")) | P75: 电流偏置 <5 mA；最大负载 Illimitée | R75: 标准品 | S75: The new CMAµ10 drive electronic has been specifically developed for the driving of small size linear magnetic actuators, such as MICA20CS, as well as small size magnetic Fast Steering Mirrors such as M-FSM62. | T75: 打开 | U75: PDF | V75: =IF(AND(OR('选型速查 Spec Match'!$C$4="全部 All",B75='选型速查 Spec Match'!$C$4),OR('选型速查 Spec Match'!$C$5="",AND(H75='选型速查 Spec Match'!$C$6,N(G75)>='选型速查 Spec Match'!$C$5)),OR('选型速查 Spec Match'!$C$7="",N(J75)>='选型速查 Spec Match'!$C$7),OR('选型速查 Spec Match'!$C$8="",N(M75)>='选型速查 Spec Match'!$C$8)),"✓","") -> ✓ | W75: =IF(V75="✓",COUNTIF($V$2:V75,"✓"),"") -> 74 | X75: https://cedrat-technologies.com/produit/cmau10/
A76: Magnetic Controllers | B76: 磁驱作动器驱动器 | C76: MCLA18 | D76: Compact Linear Amplifier | E76: 磁驱快反镜线性驱动器 | F76: 音圈电机驱动器、电磁作动器功放、快反镜驱动器、线性功率放大器 | I76: =IF(H76="mrad",ROUND(G76*180/PI()/1000,2)&"°",IF(H76="µm",G76/1000&" mm","")) | P76: 供电 +15Vdc or +/- 6 at 36V；输出 Up to 1A and 32V；输出功率 Max 32W per channel；控制方式 analog (control) / digital (PID configuration via USB or RS422 | S76: The new MCLA18 electronic driver has been specifically developed for the driving of small size Magnetic Fast Steering Mirrors such as M-FSM45. It has an internal current control and can be driven in closed loop via 2 analog inputs for orders and 2 analog inputs for position sensors. | T76: 打开 | U76: PDF | V76: =IF(AND(OR('选型速查 Spec Match'!$C$4="全部 All",B76='选型速查 Spec Match'!$C$4),OR('选型速查 Spec Match'!$C$5="",AND(H76='选型速查 Spec Match'!$C$6,N(G76)>='选型速查 Spec Match'!$C$5)),OR('选型速查 Spec Match'!$C$7="",N(J76)>='选型速查 Spec Match'!$C$7),OR('选型速查 Spec Match'!$C$8="",N(M76)>='选型速查 Spec Match'!$C$8)),"✓","") -> ✓ | W76: =IF(V76="✓",COUNTIF($V$2:V76,"✓"),"") -> 75 | X76: https://cedrat-technologies.com/produit/mcla18/
A77: Magnetic Controllers | B77: 磁驱作动器驱动器 | C77: MCSA480 | D77: Compact Switching Amplifier | E77: 磁驱快反镜开关功放（双通道） | F77: 音圈电机驱动器、电磁作动器功放、快反镜驱动器、线性功率放大器 | I77: =IF(H77="mrad",ROUND(G77*180/PI()/1000,2)&"°",IF(H77="µm",G77/1000&" mm","")) | P77: 供电 24-48 Vdc；输出功率 48-96 W | R77: 预发布 | S77: The MCSA480 is a compact 2-channel power switching amplifier for M-FSM mechanisms. It features a wide bandwidth current controller and can run with an external DC supply. It can be controlled in closed loop via 2 analog command inputs and 2 analog sensors inputs. | T77: 打开 | U77: PDF | V77: =IF(AND(OR('选型速查 Spec Match'!$C$4="全部 All",B77='选型速查 Spec Match'!$C$4),OR('选型速查 Spec Match'!$C$5="",AND(H77='选型速查 Spec Match'!$C$6,N(G77)>='选型速查 Spec Match'!$C$5)),OR('选型速查 Spec Match'!$C$7="",N(J77)>='选型速查 Spec Match'!$C$7),OR('选型速查 Spec Match'!$C$8="",N(M77)>='选型速查 Spec Match'!$C$8)),"✓","") -> ✓ | W77: =IF(V77="✓",COUNTIF($V$2:V77,"✓"),"") -> 76 | X77: https://cedrat-technologies.com/produit/mcsa480/
A78: Electronic Amplifier Boards | B78: 压电驱动放大器板卡 | C78: LA75A | D78: Linear Amplifier Board | E78: 线性压电放大器板（中功率） | F78: 压电驱动电源、压电陶瓷驱动电源、压电放大器、高压放大器、压电功率放大器、压电驱动器 | I78: =IF(H78="mrad",ROUND(G78*180/PI()/1000,2)&"°",IF(H78="µm",G78/1000&" mm","")) | P78: 平均输出电流 90 mA；通道数 1…3；增益 20；信噪比 85 dB | Q78: 推挽，数字伺服控制 | R78: 标准品 | S78: The Linear Amplifier LA75A is designed to drive capacitive loads like Piezoelectric Actuators with extremely low noise. The LA75A is a medium-power amplifier. | T78: 打开 | U78: PDF | V78: =IF(AND(OR('选型速查 Spec Match'!$C$4="全部 All",B78='选型速查 Spec Match'!$C$4),OR('选型速查 Spec Match'!$C$5="",AND(H78='选型速查 Spec Match'!$C$6,N(G78)>='选型速查 Spec Match'!$C$5)),OR('选型速查 Spec Match'!$C$7="",N(J78)>='选型速查 Spec Match'!$C$7),OR('选型速查 Spec Match'!$C$8="",N(M78)>='选型速查 Spec Match'!$C$8)),"✓","") -> ✓ | W78: =IF(V78="✓",COUNTIF($V$2:V78,"✓"),"") -> 77 | X78: https://cedrat-technologies.com/produit/la75a/
A79: Electronic Amplifier Boards | B79: 压电驱动放大器板卡 | C79: LA75B | D79: Linear Amplifier Board | E79: 线性压电放大器板（大功率） | F79: 压电驱动电源、压电陶瓷驱动电源、压电放大器、高压放大器、压电功率放大器、压电驱动器 | I79: =IF(H79="mrad",ROUND(G79*180/PI()/1000,2)&"°",IF(H79="µm",G79/1000&" mm","")) | P79: 平均输出电流 360 mA；通道数 1…2；增益 20；信噪比 85 dB | Q79: 推挽，数字伺服控制 | R79: 标准品 | S79: The Linear Amplifier LA75B is designed to drive capacitive loads like Piezoelectric Actuators with extremely low noise. The LA75B is a high-power amplifier. | T79: 打开 | U79: PDF | V79: =IF(AND(OR('选型速查 Spec Match'!$C$4="全部 All",B79='选型速查 Spec Match'!$C$4),OR('选型速查 Spec Match'!$C$5="",AND(H79='选型速查 Spec Match'!$C$6,N(G79)>='选型速查 Spec Match'!$C$5)),OR('选型速查 Spec Match'!$C$7="",N(J79)>='选型速查 Spec Match'!$C$7),OR('选型速查 Spec Match'!$C$8="",N(M79)>='选型速查 Spec Match'!$C$8)),"✓","") -> ✓ | W79: =IF(V79="✓",COUNTIF($V$2:V79,"✓"),"") -> 78 | X79: https://cedrat-technologies.com/produit/la75b/
A80: Electronic Amplifier Boards | B80: 压电驱动放大器板卡 | C80: LA75C | D80: Linear Amplifier Board | E80: 线性压电放大器板（最大电流） | F80: 压电驱动电源、压电陶瓷驱动电源、压电放大器、高压放大器、压电功率放大器、压电驱动器 | I80: =IF(H80="mrad",ROUND(G80*180/PI()/1000,2)&"°",IF(H80="µm",G80/1000&" mm","")) | P80: 平均输出电流 2400 mA；通道数 1；增益 20；信噪比 85 dB | Q80: 数字伺服控制 | R80: 标准品 | S80: The LA75C is the most powerfull linear amplifier board, offering low noise and high current for dynamic and precise motion applications. | T80: 打开 | U80: PDF | V80: =IF(AND(OR('选型速查 Spec Match'!$C$4="全部 All",B80='选型速查 Spec Match'!$C$4),OR('选型速查 Spec Match'!$C$5="",AND(H80='选型速查 Spec Match'!$C$6,N(G80)>='选型速查 Spec Match'!$C$5)),OR('选型速查 Spec Match'!$C$7="",N(J80)>='选型速查 Spec Match'!$C$7),OR('选型速查 Spec Match'!$C$8="",N(M80)>='选型速查 Spec Match'!$C$8)),"✓","") -> ✓ | W80: =IF(V80="✓",COUNTIF($V$2:V80,"✓"),"") -> 79 | X80: https://cedrat-technologies.com/produit/la75c/
A81: Electronic Amplifier Boards | B81: 压电驱动放大器板卡 | C81: SA75A | D81: Switching Amplifier Board | E81: 开关式压电功率放大器板 | F81: 压电驱动电源、压电陶瓷驱动电源、压电放大器、高压放大器、压电功率放大器、压电驱动器 | I81: =IF(H81="mrad",ROUND(G81*180/PI()/1000,2)&"°",IF(H81="µm",G81/1000&" mm","")) | P81: 平均输出电流 5 A；通道数 1…2；增益 20；信噪比 60 dB | Q81: 数字伺服控制 | R81: 标准品 | S81: The Switching Power amplifier SA75A is designed to drive high capacitive loads like piezo actuators in dynamics conditions. | T81: 打开 | U81: PDF | V81: =IF(AND(OR('选型速查 Spec Match'!$C$4="全部 All",B81='选型速查 Spec Match'!$C$4),OR('选型速查 Spec Match'!$C$5="",AND(H81='选型速查 Spec Match'!$C$6,N(G81)>='选型速查 Spec Match'!$C$5)),OR('选型速查 Spec Match'!$C$7="",N(J81)>='选型速查 Spec Match'!$C$7),OR('选型速查 Spec Match'!$C$8="",N(M81)>='选型速查 Spec Match'!$C$8)),"✓","") -> ✓ | W81: =IF(V81="✓",COUNTIF($V$2:V81,"✓"),"") -> 80 | X81: https://cedrat-technologies.com/produit/sa75a/
A82: Electronic Amplifier Boards | B82: 压电驱动放大器板卡 | C82: SA75B | D82: Switching Amplifier Board | E82: 开关式压电功率放大器板 | F82: 压电驱动电源、压电陶瓷驱动电源、压电放大器、高压放大器、压电功率放大器、压电驱动器 | I82: =IF(H82="mrad",ROUND(G82*180/PI()/1000,2)&"°",IF(H82="µm",G82/1000&" mm","")) | P82: 平均输出电流 10 A；通道数 1…2；增益 20；信噪比 60 dB | Q82: 数字伺服控制 | R82: 标准品 | S82: The Switching Power amplifier SA75B is designed to drive high capacitive loads like piezo actuators in dynamics conditions. | T82: 打开 | U82: PDF | V82: =IF(AND(OR('选型速查 Spec Match'!$C$4="全部 All",B82='选型速查 Spec Match'!$C$4),OR('选型速查 Spec Match'!$C$5="",AND(H82='选型速查 Spec Match'!$C$6,N(G82)>='选型速查 Spec Match'!$C$5)),OR('选型速查 Spec Match'!$C$7="",N(J82)>='选型速查 Spec Match'!$C$7),OR('选型速查 Spec Match'!$C$8="",N(M82)>='选型速查 Spec Match'!$C$8)),"✓","") -> ✓ | W82: =IF(V82="✓",COUNTIF($V$2:V82,"✓"),"") -> 81 | X82: https://cedrat-technologies.com/produit/sa75b/
A83: Electronic Amplifier Boards | B83: 压电驱动放大器板卡 | C83: SA75D | D83: Switching Amplifier Board | E83: 开关式压电功率放大器板（最大功率） | F83: 压电驱动电源、压电陶瓷驱动电源、压电放大器、高压放大器、压电功率放大器、压电驱动器 | I83: =IF(H83="mrad",ROUND(G83*180/PI()/1000,2)&"°",IF(H83="µm",G83/1000&" mm","")) | P83: 平均输出电流 20 A；通道数 1；增益 20；信噪比 60 dB | Q83: 数字伺服控制，多路输出 | R83: 标准品 | S83: The Switching Power amplifier SA75D is the most powerfull amplifier working in continuous mode on the market, designed to drive high capacitive loads like piezo actuators in dynamics conditions. | T83: 打开 | U83: PDF | V83: =IF(AND(OR('选型速查 Spec Match'!$C$4="全部 All",B83='选型速查 Spec Match'!$C$4),OR('选型速查 Spec Match'!$C$5="",AND(H83='选型速查 Spec Match'!$C$6,N(G83)>='选型速查 Spec Match'!$C$5)),OR('选型速查 Spec Match'!$C$7="",N(J83)>='选型速查 Spec Match'!$C$7),OR('选型速查 Spec Match'!$C$8="",N(M83)>='选型速查 Spec Match'!$C$8)),"✓","") -> ✓ | W83: =IF(V83="✓",COUNTIF($V$2:V83,"✓"),"") -> 82 | X83: https://cedrat-technologies.com/produit/sa75d/
A84: Electronic Amplifier Boards | B84: 压电驱动放大器板卡 | C84: SP75A | D84: Switching Amplifier Board | E84: 开关式低压压电放大器板（TTL 控制） | F84: 压电驱动电源、压电陶瓷驱动电源、压电放大器、高压放大器、压电功率放大器、压电驱动器 | I84: =IF(H84="mrad",ROUND(G84*180/PI()/1000,2)&"°",IF(H84="µm",G84/1000&" mm","")) | P84: 平均输出电流 360 mA；通道数 1…2；信噪比 85 dB | Q84: 应变传感器， 真空兼容 | R84: 标准品 | S84: The SP75 is a bipolar (-20 / +150 V) switching power amplifier for driving low voltage piezoelectric actuators, controlled with a TTL signal. It is particularly adapted for driving shutters like the FPS. | T84: 打开 | U84: PDF | V84: =IF(AND(OR('选型速查 Spec Match'!$C$4="全部 All",B84='选型速查 Spec Match'!$C$4),OR('选型速查 Spec Match'!$C$5="",AND(H84='选型速查 Spec Match'!$C$6,N(G84)>='选型速查 Spec Match'!$C$5)),OR('选型速查 Spec Match'!$C$7="",N(J84)>='选型速查 Spec Match'!$C$7),OR('选型速查 Spec Match'!$C$8="",N(M84)>='选型速查 Spec Match'!$C$8)),"✓","") -> ✓ | W84: =IF(V84="✓",COUNTIF($V$2:V84,"✓"),"") -> 83 | X84: https://cedrat-technologies.com/produit/sp75a/
A85: Powered Racks | B85: 压电控制器机箱（含电源） | C85: RK42F3U-LC75B | D85: Powered Rack | E85: 台式压电控制器（含 LC75B） | F85: 压电控制器、压电驱动控制器、多通道压电控制箱、压电闭环控制器 | I85: =IF(H85="mrad",ROUND(G85*180/PI()/1000,2)&"°",IF(H85="µm",G85/1000&" mm","")) | P85: 最大电流 0,75 A | R85: 标准品 | S85: For driving and controlling piezo actuators between -20 and 150V the powered benchtop case RK42F3U-LC75B solution includes a RK42F3U case and an AC-DC converter LC75B. | T85: 打开 | U85: PDF | V85: =IF(AND(OR('选型速查 Spec Match'!$C$4="全部 All",B85='选型速查 Spec Match'!$C$4),OR('选型速查 Spec Match'!$C$5="",AND(H85='选型速查 Spec Match'!$C$6,N(G85)>='选型速查 Spec Match'!$C$5)),OR('选型速查 Spec Match'!$C$7="",N(J85)>='选型速查 Spec Match'!$C$7),OR('选型速查 Spec Match'!$C$8="",N(M85)>='选型速查 Spec Match'!$C$8)),"✓","") -> ✓ | W85: =IF(V85="✓",COUNTIF($V$2:V85,"✓"),"") -> 84 | X85: https://cedrat-technologies.com/produit/rk42f3u-lc75b/
A86: Powered Racks | B86: 压电控制器机箱（含电源） | C86: RK42F4U-LC75C | D86: Powered Rack | E86: 台式压电控制器（含 LC75C） | F86: 压电控制器、压电驱动控制器、多通道压电控制箱、压电闭环控制器 | I86: =IF(H86="mrad",ROUND(G86*180/PI()/1000,2)&"°",IF(H86="µm",G86/1000&" mm","")) | P86: 最大电流 2,55 A；驱动卡数 1；传感器卡数 1 | R86: 标准品 | S86: For driving and controlling piezo actuators between -20 and 150V the powered benchtop case RK42F4U-LC75C solution includes a RK42F4U case and an AC-DC converter board LC75C. | T86: 打开 | U86: PDF | V86: =IF(AND(OR('选型速查 Spec Match'!$C$4="全部 All",B86='选型速查 Spec Match'!$C$4),OR('选型速查 Spec Match'!$C$5="",AND(H86='选型速查 Spec Match'!$C$6,N(G86)>='选型速查 Spec Match'!$C$5)),OR('选型速查 Spec Match'!$C$7="",N(J86)>='选型速查 Spec Match'!$C$7),OR('选型速查 Spec Match'!$C$8="",N(M86)>='选型速查 Spec Match'!$C$8)),"✓","") -> ✓ | W86: =IF(V86="✓",COUNTIF($V$2:V86,"✓"),"") -> 85 | X86: https://cedrat-technologies.com/produit/rk42f4u-lc75c/
A87: Powered Racks | B87: 压电控制器机箱（含电源） | C87: RK84F4U-1LC75B | D87: Powered Rack | E87: 19 寸压电控制机箱（1×LC75B） | F87: 压电控制器、压电驱动控制器、多通道压电控制箱、压电闭环控制器 | I87: =IF(H87="mrad",ROUND(G87*180/PI()/1000,2)&"°",IF(H87="µm",G87/1000&" mm","")) | P87: 最大电流 0,75 A | R87: 标准品 | S87: For driving and controlling piezo actuators between -20 and 150V the powered subrack RK84F4U-1LC75B solution includes a 19” RK84F4U subrack and an AC-DC converter board LC75B. The solution offered is ready for cabinet integration. | T87: 打开 | U87: PDF | V87: =IF(AND(OR('选型速查 Spec Match'!$C$4="全部 All",B87='选型速查 Spec Match'!$C$4),OR('选型速查 Spec Match'!$C$5="",AND(H87='选型速查 Spec Match'!$C$6,N(G87)>='选型速查 Spec Match'!$C$5)),OR('选型速查 Spec Match'!$C$7="",N(J87)>='选型速查 Spec Match'!$C$7),OR('选型速查 Spec Match'!$C$8="",N(M87)>='选型速查 Spec Match'!$C$8)),"✓","") -> ✓ | W87: =IF(V87="✓",COUNTIF($V$2:V87,"✓"),"") -> 86 | X87: https://cedrat-technologies.com/produit/rk84f4u-1lc75b/
A88: Powered Racks | B88: 压电控制器机箱（含电源） | C88: RK84F4U-1LC75C | D88: Powered Rack | E88: 19 寸压电控制机箱（1×LC75C） | F88: 压电控制器、压电驱动控制器、多通道压电控制箱、压电闭环控制器 | I88: =IF(H88="mrad",ROUND(G88*180/PI()/1000,2)&"°",IF(H88="µm",G88/1000&" mm","")) | P88: 最大电流 2,55 A | R88: 标准品 | S88: For driving and controlling piezo actuators between -20 and 150V the powered subrack RK84F4U-1LC75C solution includes a 19”RK84F4U subrack and an AC-DC converter board LC75C. The solution offered is ready for cabinet integration. | T88: 打开 | U88: PDF | V88: =IF(AND(OR('选型速查 Spec Match'!$C$4="全部 All",B88='选型速查 Spec Match'!$C$4),OR('选型速查 Spec Match'!$C$5="",AND(H88='选型速查 Spec Match'!$C$6,N(G88)>='选型速查 Spec Match'!$C$5)),OR('选型速查 Spec Match'!$C$7="",N(J88)>='选型速查 Spec Match'!$C$7),OR('选型速查 Spec Match'!$C$8="",N(M88)>='选型速查 Spec Match'!$C$8)),"✓","") -> ✓ | W88: =IF(V88="✓",COUNTIF($V$2:V88,"✓"),"") -> 87 | X88: https://cedrat-technologies.com/produit/rk84f4u-1lc75c/
A89: Powered Racks | B89: 压电控制器机箱（含电源） | C89: RK84F4U-1SC75 | D89: Powered Rack | E89: 19 寸压电控制机箱（开关电源，大电流） | F89: 压电控制器、压电驱动控制器、多通道压电控制箱、压电闭环控制器 | I89: =IF(H89="mrad",ROUND(G89*180/PI()/1000,2)&"°",IF(H89="µm",G89/1000&" mm","")) | P89: 最大电流 20 A；驱动卡数 1；调理卡数 1 | R89: 标准品 | S89: For driving and controlling piezo actuators between -20 and 150V the powered subrack RK84F4U-1SC75 solution includes a 19” RK84F4U subrack and a switching converter board SC75. The solution offered is ready for cabinet integration. | T89: 打开 | U89: PDF | V89: =IF(AND(OR('选型速查 Spec Match'!$C$4="全部 All",B89='选型速查 Spec Match'!$C$4),OR('选型速查 Spec Match'!$C$5="",AND(H89='选型速查 Spec Match'!$C$6,N(G89)>='选型速查 Spec Match'!$C$5)),OR('选型速查 Spec Match'!$C$7="",N(J89)>='选型速查 Spec Match'!$C$7),OR('选型速查 Spec Match'!$C$8="",N(M89)>='选型速查 Spec Match'!$C$8)),"✓","") -> ✓ | W89: =IF(V89="✓",COUNTIF($V$2:V89,"✓"),"") -> 88 | X89: https://cedrat-technologies.com/produit/rk84f4u-1sc75/
A90: Powered Racks | B90: 压电控制器机箱（含电源） | C90: RK84F4U-2LC75C | D90: Powered Rack | E90: 19 寸压电控制机箱（2×LC75C） | F90: 压电控制器、压电驱动控制器、多通道压电控制箱、压电闭环控制器 | I90: =IF(H90="mrad",ROUND(G90*180/PI()/1000,2)&"°",IF(H90="µm",G90/1000&" mm","")) | P90: 最大电流 5,1 A；驱动卡数 2；调理卡数 2 | R90: 标准品 | S90: For driving and controlling piezo actuators between -20 and 150V the powered subrack RK84F4U-2LC75C solution includes a 19”RK84F4U subrack and 2 AC-DC converter boards LC75C. The solution offered is ready for cabinet integration. | T90: 打开 | U90: PDF | V90: =IF(AND(OR('选型速查 Spec Match'!$C$4="全部 All",B90='选型速查 Spec Match'!$C$4),OR('选型速查 Spec Match'!$C$5="",AND(H90='选型速查 Spec Match'!$C$6,N(G90)>='选型速查 Spec Match'!$C$5)),OR('选型速查 Spec Match'!$C$7="",N(J90)>='选型速查 Spec Match'!$C$7),OR('选型速查 Spec Match'!$C$8="",N(M90)>='选型速查 Spec Match'!$C$8)),"✓","") -> ✓ | W90: =IF(V90="✓",COUNTIF($V$2:V90,"✓"),"") -> 89 | X90: https://cedrat-technologies.com/produit/rk84f4u-2lc75c/
A91: OEM Amplifiers | B91: 嵌入式压电驱动板（OEM） | C91: CAu10 | D91: Compact Amplifier | E91: 微型线性压电放大器 | F91: 压电驱动模块、OEM压电驱动板、嵌入式压电控制板、微型压电驱动器 | I91: =IF(H91="mrad",ROUND(G91*180/PI()/1000,2)&"°",IF(H91="µm",G91/1000&" mm","")) | P91: 通道数 2；推挽选项 Yes；输出电压 +5 … +150 V | R91: 标准品 | S91: The CAu10 is a unipolar (5V..150V) miniature linear amplifier with low noise and low cost features. A SPI digital to analogue converter is able to convert 10 bits words in analogue signal for the linear amplifier. Optional inputs can be connected if necessary to shunt the SPI bus and send directly t | T91: 打开 | U91: PDF | V91: =IF(AND(OR('选型速查 Spec Match'!$C$4="全部 All",B91='选型速查 Spec Match'!$C$4),OR('选型速查 Spec Match'!$C$5="",AND(H91='选型速查 Spec Match'!$C$6,N(G91)>='选型速查 Spec Match'!$C$5)),OR('选型速查 Spec Match'!$C$7="",N(J91)>='选型速查 Spec Match'!$C$7),OR('选型速查 Spec Match'!$C$8="",N(M91)>='选型速查 Spec Match'!$C$8)),"✓","") -> ✓ | W91: =IF(V91="✓",COUNTIF($V$2:V91,"✓"),"") -> 90 | X91: https://cedrat-technologies.com/produit/cau10/
A92: OEM Amplifiers | B92: 嵌入式压电驱动板（OEM） | C92: CCBu20 | D92: Compact Controller Board | E92: 紧凑型双轴压电控制板 | F92: 压电驱动模块、OEM压电驱动板、嵌入式压电控制板、微型压电驱动器 | I92: =IF(H92="mrad",ROUND(G92*180/PI()/1000,2)&"°",IF(H92="µm",G92/1000&" mm","")) | P92: 通道数 2；推挽选项 Yes；输出电压 -20 … +150 V | Q92: 0-5V 模拟传感器输入，高级控制器 | R92: 标准品 | S92: The Compact Controller Board CCBu20 is an embedded all-in-one controller for piezo actuators. It features everything to drive and control a 2 axis piezo-mechanism in position loop. In standard, its integrated dual channel SG conditioner allows reading the position of the two axis of the mechanism. A | T92: 打开 | U92: PDF | V92: =IF(AND(OR('选型速查 Spec Match'!$C$4="全部 All",B92='选型速查 Spec Match'!$C$4),OR('选型速查 Spec Match'!$C$5="",AND(H92='选型速查 Spec Match'!$C$6,N(G92)>='选型速查 Spec Match'!$C$5)),OR('选型速查 Spec Match'!$C$7="",N(J92)>='选型速查 Spec Match'!$C$7),OR('选型速查 Spec Match'!$C$8="",N(M92)>='选型速查 Spec Match'!$C$8)),"✓","") -> ✓ | W92: =IF(V92="✓",COUNTIF($V$2:V92,"✓"),"") -> 91 | X92: https://cedrat-technologies.com/produit/ccbu20/
A93: OEM Amplifiers | B93: 嵌入式压电驱动板（OEM） | C93: CCBu20-NS | D93: Compact Controller Board for NewSpace | E93: 商业航天用双轴压电控制板 | F93: 压电驱动模块、OEM压电驱动板、嵌入式压电控制板、微型压电驱动器 | I93: =IF(H93="mrad",ROUND(G93*180/PI()/1000,2)&"°",IF(H93="µm",G93/1000&" mm","")) | P93: 通道数 2；推挽选项 Included, not optional；输出电压 -20 … +150 V | Q93: 多种宇航等级 | R93: 原型 | S93: The CCBu20-NS is a compact dual-axis controller board derived from the CCBu20, optimized for New Space applications. Designed to withstand harsh space environments (radiation, vibrations), it features 170Vpp linear amplifiers, a strain gauge conditioner, closed-loop control, TM/TC interfaces, and fa | T93: 打开 | V93: =IF(AND(OR('选型速查 Spec Match'!$C$4="全部 All",B93='选型速查 Spec Match'!$C$4),OR('选型速查 Spec Match'!$C$5="",AND(H93='选型速查 Spec Match'!$C$6,N(G93)>='选型速查 Spec Match'!$C$5)),OR('选型速查 Spec Match'!$C$7="",N(J93)>='选型速查 Spec Match'!$C$7),OR('选型速查 Spec Match'!$C$8="",N(M93)>='选型速查 Spec Match'!$C$8)),"✓","") -> ✓ | W93: =IF(V93="✓",COUNTIF($V$2:V93,"✓"),"") -> 92 | X93: https://cedrat-technologies.com/produit/ccbu20-ns/
A94: OEM Amplifiers | B94: 嵌入式压电驱动板（OEM） | C94: CCBu40 | D94: Compact Controller Board | E94: 紧凑型双轴压电控制板 | F94: 压电驱动模块、OEM压电驱动板、嵌入式压电控制板、微型压电驱动器 | I94: =IF(H94="mrad",ROUND(G94*180/PI()/1000,2)&"°",IF(H94="µm",G94/1000&" mm","")) | P94: 通道数 2；推挽选项 Yes；输出电压 -20 … +150 V | Q94: 0-5V 模拟传感器输入，高级控制器 | R94: 标准品 | S94: The Compact Controller Board CCBu40 is an embedded all-in-one controller for piezo actuators. It features everything to drive and control a 2 axis piezo-mechanism in position loop. In standard, its integrated dual channel SG conditioner allows reading the position of the two axis of the mechanism. A | T94: 打开 | U94: PDF | V94: =IF(AND(OR('选型速查 Spec Match'!$C$4="全部 All",B94='选型速查 Spec Match'!$C$4),OR('选型速查 Spec Match'!$C$5="",AND(H94='选型速查 Spec Match'!$C$6,N(G94)>='选型速查 Spec Match'!$C$5)),OR('选型速查 Spec Match'!$C$7="",N(J94)>='选型速查 Spec Match'!$C$7),OR('选型速查 Spec Match'!$C$8="",N(M94)>='选型速查 Spec Match'!$C$8)),"✓","") -> ✓ | W94: =IF(V94="✓",COUNTIF($V$2:V94,"✓"),"") -> 93 | X94: https://cedrat-technologies.com/produit/ccbu40/
A95: PLa Linear Piezo Amplifiers | B95: 压电线性放大器 | C95: PLa05 | D95: Piezo Linear Amplifier | E95: 线性压电放大器（0.5 A） | F95: 压电驱动电源、高压线性放大器、压电放大器、低噪声压电驱动器 | I95: =IF(H95="mrad",ROUND(G95*180/PI()/1000,2)&"°",IF(H95="µm",G95/1000&" mm","")) | P95: 持续输出电流 0.5 A；最大输出电流 1 A；输出电压 -20 … +150 V；信噪比 90 dB | S95: The PLA05 control electronics offer a new alternative to the LA75B electronics for controlling piezoelectric actuators. Building on 20 years of success with the LA75B, the PLA05 offers several advantages: although it is power electronics, the PLA05 is CE marked , ensuring a safe, efficient, and vers | T95: 打开 | U95: PDF | V95: =IF(AND(OR('选型速查 Spec Match'!$C$4="全部 All",B95='选型速查 Spec Match'!$C$4),OR('选型速查 Spec Match'!$C$5="",AND(H95='选型速查 Spec Match'!$C$6,N(G95)>='选型速查 Spec Match'!$C$5)),OR('选型速查 Spec Match'!$C$7="",N(J95)>='选型速查 Spec Match'!$C$7),OR('选型速查 Spec Match'!$C$8="",N(M95)>='选型速查 Spec Match'!$C$8)),"✓","") -> ✓ | W95: =IF(V95="✓",COUNTIF($V$2:V95,"✓"),"") -> 94 | X95: https://cedrat-technologies.com/produit/pla05/
A96: PLa Linear Piezo Amplifiers | B96: 压电线性放大器 | C96: PLa25 | D96: Piezo Linear Amplifier | E96: 线性压电放大器（2.5 A） | F96: 压电驱动电源、高压线性放大器、压电放大器、低噪声压电驱动器 | I96: =IF(H96="mrad",ROUND(G96*180/PI()/1000,2)&"°",IF(H96="µm",G96/1000&" mm","")) | P96: 持续输出电流 2.5 A；峰值电流 5 A；输出电压 -20 … +150 V；信噪比 85 dB | S96: The PLA25 control electronics offer a new alternative to the LA75C electronics for controlling piezoelectric actuators. Building on 20 years of success with the LA75C, the PLA25 offers several advantages: although it is power electronics, the PLA25 is CE marked, ensuring a safe, efficient, and versa | T96: 打开 | U96: PDF | V96: =IF(AND(OR('选型速查 Spec Match'!$C$4="全部 All",B96='选型速查 Spec Match'!$C$4),OR('选型速查 Spec Match'!$C$5="",AND(H96='选型速查 Spec Match'!$C$6,N(G96)>='选型速查 Spec Match'!$C$5)),OR('选型速查 Spec Match'!$C$7="",N(J96)>='选型速查 Spec Match'!$C$7),OR('选型速查 Spec Match'!$C$8="",N(M96)>='选型速查 Spec Match'!$C$8)),"✓","") -> ✓ | W96: =IF(V96="✓",COUNTIF($V$2:V96,"✓"),"") -> 95 | X96: https://cedrat-technologies.com/produit/pla25/
A97: Digital Controllers | B97: 数字闭环控制器 | C97: UC55 | D97: Controller board | E97: 数字闭环控制板 | F97: 压电闭环控制器、数字伺服控制器、数字控制器 | I97: =IF(H97="mrad",ROUND(G97*180/PI()/1000,2)&"°",IF(H97="µm",G97/1000&" mm","")) | P97: 采样频率 10/15/30 kSps；接口 USB type B | R97: 标准品 | S97: The UC55 board has the same format than the UC45, but it features a higher control rate and it exists in three different versions: single channel, dual channel, and triple channel. In single channel, the control rate is 30kSps, in dual channels, 15kSps, and in triple channels, 10kSps. The UC55 board | T97: 打开 | U97: PDF | V97: =IF(AND(OR('选型速查 Spec Match'!$C$4="全部 All",B97='选型速查 Spec Match'!$C$4),OR('选型速查 Spec Match'!$C$5="",AND(H97='选型速查 Spec Match'!$C$6,N(G97)>='选型速查 Spec Match'!$C$5)),OR('选型速查 Spec Match'!$C$7="",N(J97)>='选型速查 Spec Match'!$C$7),OR('选型速查 Spec Match'!$C$8="",N(M97)>='选型速查 Spec Match'!$C$8)),"✓","") -> ✓ | W97: =IF(V97="✓",COUNTIF($V$2:V97,"✓"),"") -> 96 | X97: https://cedrat-technologies.com/produit/uc55/
A98: Eddy Current Sensors | B98: 电涡流位移传感器 | C98: ECP500 | D98: Eddy Current Sensor | E98: 电涡流探头（500 µm 量程） | F98: 电涡流传感器、电涡流位移传感器、涡流位移传感器、非接触位移传感器、电涡流探头 | G98: 500 | H98: µm | I98: =IF(H98="mrad",ROUND(G98*180/PI()/1000,2)&"°",IF(H98="µm",G98/1000&" mm","")) -> 0.5 mm | P98: 分辨率(1kHz带宽) 0,005% full range | Q98: 直/弯头线缆 | R98: 集成件（随系统供货） | S98: The ECP500 Eddy Current Probe is a contactless sensor able to measure the distance on a range of 500um. Possibility of extended range up to 1000um. | T98: 打开 | U98: PDF | V98: =IF(AND(OR('选型速查 Spec Match'!$C$4="全部 All",B98='选型速查 Spec Match'!$C$4),OR('选型速查 Spec Match'!$C$5="",AND(H98='选型速查 Spec Match'!$C$6,N(G98)>='选型速查 Spec Match'!$C$5)),OR('选型速查 Spec Match'!$C$7="",N(J98)>='选型速查 Spec Match'!$C$7),OR('选型速查 Spec Match'!$C$8="",N(M98)>='选型速查 Spec Match'!$C$8)),"✓","") -> ✓ | W98: =IF(V98="✓",COUNTIF($V$2:V98,"✓"),"") -> 97 | X98: https://cedrat-technologies.com/produit/ecp500/
A99: Eddy Current Sensors | B99: 电涡流位移传感器 | C99: ECP1000 | D99: Eddy Current Sensor | E99: 电涡流探头（1000 µm 量程） | F99: 电涡流传感器、电涡流位移传感器、涡流位移传感器、非接触位移传感器、电涡流探头 | G99: 1000 | H99: µm | I99: =IF(H99="mrad",ROUND(G99*180/PI()/1000,2)&"°",IF(H99="µm",G99/1000&" mm","")) -> 1 mm | P99: 分辨率(1kHz带宽) 0,003% full range | Q99: 直/弯头线缆 | R99: 集成件（随系统供货） | S99: The ECP1000 Eddy Current Probe is a contactless sensor able to measure the distance on a range of 1000um. Possibility of extended range up to 2000um. | T99: 打开 | U99: PDF | V99: =IF(AND(OR('选型速查 Spec Match'!$C$4="全部 All",B99='选型速查 Spec Match'!$C$4),OR('选型速查 Spec Match'!$C$5="",AND(H99='选型速查 Spec Match'!$C$6,N(G99)>='选型速查 Spec Match'!$C$5)),OR('选型速查 Spec Match'!$C$7="",N(J99)>='选型速查 Spec Match'!$C$7),OR('选型速查 Spec Match'!$C$8="",N(M99)>='选型速查 Spec Match'!$C$8)),"✓","") -> ✓ | W99: =IF(V99="✓",COUNTIF($V$2:V99,"✓"),"") -> 98 | X99: https://cedrat-technologies.com/produit/ecp1000/
A100: Eddy Current Sensors | B100: 电涡流位移传感器 | C100: ECS25 | D100: Eddy Current Sensor | E100: 电涡流传感器调理器（嵌入式） | F100: 电涡流传感器、电涡流位移传感器、涡流位移传感器、非接触位移传感器、电涡流探头 | I100: =IF(H100="mrad",ROUND(G100*180/PI()/1000,2)&"°",IF(H100="µm",G100/1000&" mm","")) | P100: 输出电压 +9 … +36 Vdc；分辨率 Mechanism depending；带宽 1 … 12 kHz；温漂 400% FS/°C；通道数 2 or 4 | R100: 标准品 | S100: The ECS25 Eddy Current Sensor conditioner is a compact solution designed for integration into mechanisms. It provides signal conditioning for CTEC Eddy Current Probes and enables direct, contactless position measurement in demanding dynamic applications. | T100: 打开 | U100: PDF | V100: =IF(AND(OR('选型速查 Spec Match'!$C$4="全部 All",B100='选型速查 Spec Match'!$C$4),OR('选型速查 Spec Match'!$C$5="",AND(H100='选型速查 Spec Match'!$C$6,N(G100)>='选型速查 Spec Match'!$C$5)),OR('选型速查 Spec Match'!$C$7="",N(J100)>='选型速查 Spec Match'!$C$7),OR('选型速查 Spec Match'!$C$8="",N(M100)>='选型速查 Spec Match'!$C$8)),"✓","") -> ✓ | W100: =IF(V100="✓",COUNTIF($V$2:V100,"✓"),"") -> 99 | X100: https://cedrat-technologies.com/produit/ecs25/
A101: Eddy Current Sensors | B101: 电涡流位移传感器 | C101: ECS45 | D101: Eddy Current Sensor | E101: 电涡流传感器调理器（OEM 机箱） | F101: 电涡流传感器、电涡流位移传感器、涡流位移传感器、非接触位移传感器、电涡流探头 | I101: =IF(H101="mrad",ROUND(G101*180/PI()/1000,2)&"°",IF(H101="µm",G101/1000&" mm","")) | P101: 输出 -10…+10 V；分辨率 0,003% full range；带宽 20 kHz；温漂 >0,05% FS/C°；供电 24 VDC；通道数 1…3 | R101: 标准品 | S101: The ECS45 eddy current probe Conditioner is an OEM version integrated in a rack 12F supplied by an external DC power supply. | T101: 打开 | U101: PDF | V101: =IF(AND(OR('选型速查 Spec Match'!$C$4="全部 All",B101='选型速查 Spec Match'!$C$4),OR('选型速查 Spec Match'!$C$5="",AND(H101='选型速查 Spec Match'!$C$6,N(G101)>='选型速查 Spec Match'!$C$5)),OR('选型速查 Spec Match'!$C$7="",N(J101)>='选型速查 Spec Match'!$C$7),OR('选型速查 Spec Match'!$C$8="",N(M101)>='选型速查 Spec Match'!$C$8)),"✓","") -> ✓ | W101: =IF(V101="✓",COUNTIF($V$2:V101,"✓"),"") -> 100 | X101: https://cedrat-technologies.com/produit/ecs45/
A102: Eddy Current Sensors | B102: 电涡流位移传感器 | C102: ECS75 | D102: Eddy Current Sensor | E102: 电涡流传感器调理板（19 寸） | F102: 电涡流传感器、电涡流位移传感器、涡流位移传感器、非接触位移传感器、电涡流探头 | I102: =IF(H102="mrad",ROUND(G102*180/PI()/1000,2)&"°",IF(H102="µm",G102/1000&" mm","")) | P102: 输出 -10…+10 V；分辨率 0,003% full range；带宽 20 kHz；温漂 >0,05% FS/C°；通道数 1…3 | R102: 标准品 | S102: The ECS75 Eddy current probe conditioner is implemented on a 19’board and can include up to 3 independent channels. The gain of each channel is generally set when the Eddy Current Sensor is embedded in the Piezo Mechanism. | T102: 打开 | V102: =IF(AND(OR('选型速查 Spec Match'!$C$4="全部 All",B102='选型速查 Spec Match'!$C$4),OR('选型速查 Spec Match'!$C$5="",AND(H102='选型速查 Spec Match'!$C$6,N(G102)>='选型速查 Spec Match'!$C$5)),OR('选型速查 Spec Match'!$C$7="",N(J102)>='选型速查 Spec Match'!$C$7),OR('选型速查 Spec Match'!$C$8="",N(M102)>='选型速查 Spec Match'!$C$8)),"✓","") -> ✓ | W102: =IF(V102="✓",COUNTIF($V$2:V102,"✓"),"") -> 101 | X102: https://cedrat-technologies.com/produit/ecs75/
A103: Eddy Current Sensors | B103: 电涡流位移传感器 | C103: ECSu10 | D103: Eddy Current Sensor | E103: 电涡流传感器调理器（低成本 OEM） | F103: 电涡流传感器、电涡流位移传感器、涡流位移传感器、非接触位移传感器、电涡流探头 | I103: =IF(H103="mrad",ROUND(G103*180/PI()/1000,2)&"°",IF(H103="µm",G103/1000&" mm","")) | P103: 输出 -10…+10 V；分辨率 0,003% full range；带宽 15 kHz；温漂 >0,05% FS/C°；供电 15 VDC | R103: 标准品 | S103: The OEM Eddy Current Probe conditioner ECSu10 is a cost effective conditioner. It is built around an input analogue stage without the linearization. | T103: 打开 | U103: PDF | V103: =IF(AND(OR('选型速查 Spec Match'!$C$4="全部 All",B103='选型速查 Spec Match'!$C$4),OR('选型速查 Spec Match'!$C$5="",AND(H103='选型速查 Spec Match'!$C$6,N(G103)>='选型速查 Spec Match'!$C$5)),OR('选型速查 Spec Match'!$C$7="",N(J103)>='选型速查 Spec Match'!$C$7),OR('选型速查 Spec Match'!$C$8="",N(M103)>='选型速查 Spec Match'!$C$8)),"✓","") -> ✓ | W103: =IF(V103="✓",COUNTIF($V$2:V103,"✓"),"") -> 102 | X103: https://cedrat-technologies.com/produit/ecsu10/
A104: Strain Gauge Sensors | B104: 应变片位置传感器及调理板 | C104: SG-75 | D104: Strain Gauge Sensor | E104: 应变片调理板（19 寸，3 通道） | F104: 应变片传感器、应变调理器、应变放大器 | I104: =IF(H104="mrad",ROUND(G104*180/PI()/1000,2)&"°",IF(H104="µm",G104/1000&" mm","")) | P104: 传感器类型 Jauge de contrainte / 4 fils；输出 -10…+10 V；通道数 3 par carte；分辨率 0,01% full range | Q104: 可定制线长 | R104: 标准品 | S104: The SG75 Strain Gauges Conditioner uses the signal from the strain gauge probe. It is implemented on a 19′ board and can include up to 3 independant channels. | T104: 打开 | U104: PDF | V104: =IF(AND(OR('选型速查 Spec Match'!$C$4="全部 All",B104='选型速查 Spec Match'!$C$4),OR('选型速查 Spec Match'!$C$5="",AND(H104='选型速查 Spec Match'!$C$6,N(G104)>='选型速查 Spec Match'!$C$5)),OR('选型速查 Spec Match'!$C$7="",N(J104)>='选型速查 Spec Match'!$C$7),OR('选型速查 Spec Match'!$C$8="",N(M104)>='选型速查 Spec Match'!$C$8)),"✓","") -> ✓ | W104: =IF(V104="✓",COUNTIF($V$2:V104,"✓"),"") -> 103 | X104: https://cedrat-technologies.com/produit/sg-75/
A105: Strain Gauge Sensors | B105: 应变片位置传感器及调理板 | C105: Strain Gauge Sensor | D105: Strain Gauge Sensor | E105: 应变片位置传感器（粘贴于压电陶瓷） | F105: 应变片传感器、应变调理器、应变放大器 | I105: =IF(H105="mrad",ROUND(G105*180/PI()/1000,2)&"°",IF(H105="µm",G105/1000&" mm","")) | P105: 桥阻抗 350 Ohms；灵敏度 1,33 uV/ppm/V；真空兼容 Oui | Q105: 可定制接口 | R105: 集成件（随系统供货） | S105: The SG Strain Gauge Sensor is a contact sensor which is bonded to the ceramics in order to measure their deformation | T105: 打开 | U105: PDF | V105: =IF(AND(OR('选型速查 Spec Match'!$C$4="全部 All",B105='选型速查 Spec Match'!$C$4),OR('选型速查 Spec Match'!$C$5="",AND(H105='选型速查 Spec Match'!$C$6,N(G105)>='选型速查 Spec Match'!$C$5)),OR('选型速查 Spec Match'!$C$7="",N(J105)>='选型速查 Spec Match'!$C$7),OR('选型速查 Spec Match'!$C$8="",N(M105)>='选型速查 Spec Match'!$C$8)),"✓","") -> ✓ | W105: =IF(V105="✓",COUNTIF($V$2:V105,"✓"),"") -> 104 | X105: https://cedrat-technologies.com/produit/strain-gauge-sensor/

Sheet 选型速查 Spec Match
B1: 选型速查：输入标讯的参数要求，下面列出符合的 Cedrat 型号 | L1: 全部 All
B2: 只改黄色格子。留空 = 不限制。行程要和单位一起填（例如 100 + µm，或 10 + mrad）。 | L2: 放大型压电促动器
L3: 预紧式压电叠堆促动器
B4: 类别 | C4: 全部 All | D4: 例：快反镜 → 选 "快速反射镜（快反镜）" | L4: 压电纳米位移台
B5: 最小行程 | D5: 例：标讯要求 "行程≥100µm"，填 100 | L5: 压电快门
B6: 行程单位 | C6: µm | D6: µm / mm / mrad | L6: 步进压电电机（压电马达）
B7: 最小出力 (N) | D7: APA/PPA 为阻挡力 | L7: 压电电机直线位移台
B8: 最小谐振频率 (Hz) | D8: 例：带宽≥1 kHz，填 1000 | L8: 压电电机控制器
L9: 快速反射镜（快反镜）
B10: 符合的型号数 | C10: =COUNTIF('产品表 Products'!$V$2:$V$105,"✓") -> 104 | L10: 压电偏摆台（Tip-Tilt 倾斜台）
L11: 磁驱直线作动器（动铁式）
B12: # | C12: 类别（中文） | D12: 型号 | E12: 中文名称 | F12: 行程 | G12: 单位 | H12: 出力 (N) | I12: 谐振 (Hz) | J12: 链接 | L12: 惯性作动器（主动减振）
B13: 1 | C13: =IFERROR(INDEX('产品表 Products'!$B$2:$B$105,MATCH(1,'产品表 Products'!$W$2:$W$105,0))&"","") -> 放大型压电促动器 | D13: =IFERROR(INDEX('产品表 Products'!$C$2:$C$105,MATCH(1,'产品表 Products'!$W$2:$W$105,0))&"","") -> APA30uXS | E13: =IFERROR(INDEX('产品表 Products'!$E$2:$E$105,MATCH(1,'产品表 Products'!$W$2:$W$105,0))&"","") -> 放大型压电促动器 | F13: =IFERROR(INDEX('产品表 Products'!$G$2:$G$105,MATCH(1,'产品表 Products'!$W$2:$W$105,0)),"") -> 34 | G13: =IFERROR(INDEX('产品表 Products'!$H$2:$H$105,MATCH(1,'产品表 Products'!$W$2:$W$105,0))&"","") -> µm | H13: =IFERROR(INDEX('产品表 Products'!$J$2:$J$105,MATCH(1,'产品表 Products'!$W$2:$W$105,0)),"") -> 3.7 | I13: =IFERROR(INDEX('产品表 Products'!$M$2:$M$105,MATCH(1,'产品表 Products'!$W$2:$W$105,0)),"") -> 4778 | J13: =IFERROR(HYPERLINK(INDEX('产品表 Products'!$X$2:$X$105,MATCH(1,'产品表 Products'!$W$2:$W$105,0)),"打开"),"") -> 打开 | L13: 磁驱作动器驱动器
B14: 2 | C14: =IFERROR(INDEX('产品表 Products'!$B$2:$B$105,MATCH(2,'产品表 Products'!$W$2:$W$105,0))&"","") -> 放大型压电促动器 | D14: =IFERROR(INDEX('产品表 Products'!$C$2:$C$105,MATCH(2,'产品表 Products'!$W$2:$W$105,0))&"","") -> APA35XS | E14: =IFERROR(INDEX('产品表 Products'!$E$2:$E$105,MATCH(2,'产品表 Products'!$W$2:$W$105,0))&"","") -> 放大型压电促动器 | F14: =IFERROR(INDEX('产品表 Products'!$G$2:$G$105,MATCH(2,'产品表 Products'!$W$2:$W$105,0)),"") -> 52 | G14: =IFERROR(INDEX('产品表 Products'!$H$2:$H$105,MATCH(2,'产品表 Products'!$W$2:$W$105,0))&"","") -> µm | H14: =IFERROR(INDEX('产品表 Products'!$J$2:$J$105,MATCH(2,'产品表 Products'!$W$2:$W$105,0)),"") -> 27 | I14: =IFERROR(INDEX('产品表 Products'!$M$2:$M$105,MATCH(2,'产品表 Products'!$W$2:$W$105,0)),"") -> 3880 | J14: =IFERROR(HYPERLINK(INDEX('产品表 Products'!$X$2:$X$105,MATCH(2,'产品表 Products'!$W$2:$W$105,0)),"打开"),"") -> 打开 | L14: 压电驱动放大器板卡
B15: 3 | C15: =IFERROR(INDEX('产品表 Products'!$B$2:$B$105,MATCH(3,'产品表 Products'!$W$2:$W$105,0))&"","") -> 放大型压电促动器 | D15: =IFERROR(INDEX('产品表 Products'!$C$2:$C$105,MATCH(3,'产品表 Products'!$W$2:$W$105,0))&"","") -> APA40SM | E15: =IFERROR(INDEX('产品表 Products'!$E$2:$E$105,MATCH(3,'产品表 Products'!$W$2:$W$105,0))&"","") -> 放大型压电促动器 | F15: =IFERROR(INDEX('产品表 Products'!$G$2:$G$105,MATCH(3,'产品表 Products'!$W$2:$W$105,0)),"") -> 54 | G15: =IFERROR(INDEX('产品表 Products'!$H$2:$H$105,MATCH(3,'产品表 Products'!$W$2:$W$105,0))&"","") -> µm | H15: =IFERROR(INDEX('产品表 Products'!$J$2:$J$105,MATCH(3,'产品表 Products'!$W$2:$W$105,0)),"") -> 260 | I15: =IFERROR(INDEX('产品表 Products'!$M$2:$M$105,MATCH(3,'产品表 Products'!$W$2:$W$105,0)),"") -> 4130 | J15: =IFERROR(HYPERLINK(INDEX('产品表 Products'!$X$2:$X$105,MATCH(3,'产品表 Products'!$W$2:$W$105,0)),"打开"),"") -> 打开 | L15: 压电控制器机箱（含电源）
B16: 4 | C16: =IFERROR(INDEX('产品表 Products'!$B$2:$B$105,MATCH(4,'产品表 Products'!$W$2:$W$105,0))&"","") -> 放大型压电促动器 | D16: =IFERROR(INDEX('产品表 Products'!$C$2:$C$105,MATCH(4,'产品表 Products'!$W$2:$W$105,0))&"","") -> APA60SL | E16: =IFERROR(INDEX('产品表 Products'!$E$2:$E$105,MATCH(4,'产品表 Products'!$W$2:$W$105,0))&"","") -> 放大型压电促动器 | F16: =IFERROR(INDEX('产品表 Products'!$G$2:$G$105,MATCH(4,'产品表 Products'!$W$2:$W$105,0)),"") -> 57 | G16: =IFERROR(INDEX('产品表 Products'!$H$2:$H$105,MATCH(4,'产品表 Products'!$W$2:$W$105,0))&"","") -> µm | H16: =IFERROR(INDEX('产品表 Products'!$J$2:$J$105,MATCH(4,'产品表 Products'!$W$2:$W$105,0)),"") -> 390 | I16: =IFERROR(INDEX('产品表 Products'!$M$2:$M$105,MATCH(4,'产品表 Products'!$W$2:$W$105,0)),"") -> 3120 | J16: =IFERROR(HYPERLINK(INDEX('产品表 Products'!$X$2:$X$105,MATCH(4,'产品表 Products'!$W$2:$W$105,0)),"打开"),"") -> 打开 | L16: 嵌入式压电驱动板（OEM）
B17: 5 | C17: =IFERROR(INDEX('产品表 Products'!$B$2:$B$105,MATCH(5,'产品表 Products'!$W$2:$W$105,0))&"","") -> 放大型压电促动器 | D17: =IFERROR(INDEX('产品表 Products'!$C$2:$C$105,MATCH(5,'产品表 Products'!$W$2:$W$105,0))&"","") -> APA60ML | E17: =IFERROR(INDEX('产品表 Products'!$E$2:$E$105,MATCH(5,'产品表 Products'!$W$2:$W$105,0))&"","") -> 放大型压电促动器 | F17: =IFERROR(INDEX('产品表 Products'!$G$2:$G$105,MATCH(5,'产品表 Products'!$W$2:$W$105,0)),"") -> 65 | G17: =IFERROR(INDEX('产品表 Products'!$H$2:$H$105,MATCH(5,'产品表 Products'!$W$2:$W$105,0))&"","") -> µm | H17: =IFERROR(INDEX('产品表 Products'!$J$2:$J$105,MATCH(5,'产品表 Products'!$W$2:$W$105,0)),"") -> 3300 | I17: =IFERROR(INDEX('产品表 Products'!$M$2:$M$105,MATCH(5,'产品表 Products'!$W$2:$W$105,0)),"") -> 2555 | J17: =IFERROR(HYPERLINK(INDEX('产品表 Products'!$X$2:$X$105,MATCH(5,'产品表 Products'!$W$2:$W$105,0)),"打开"),"") -> 打开 | L17: 压电线性放大器
B18: 6 | C18: =IFERROR(INDEX('产品表 Products'!$B$2:$B$105,MATCH(6,'产品表 Products'!$W$2:$W$105,0))&"","") -> 放大型压电促动器 | D18: =IFERROR(INDEX('产品表 Products'!$C$2:$C$105,MATCH(6,'产品表 Products'!$W$2:$W$105,0))&"","") -> APA50XS | E18: =IFERROR(INDEX('产品表 Products'!$E$2:$E$105,MATCH(6,'产品表 Products'!$W$2:$W$105,0))&"","") -> 放大型压电促动器 | F18: =IFERROR(INDEX('产品表 Products'!$G$2:$G$105,MATCH(6,'产品表 Products'!$W$2:$W$105,0)),"") -> 66 | G18: =IFERROR(INDEX('产品表 Products'!$H$2:$H$105,MATCH(6,'产品表 Products'!$W$2:$W$105,0))&"","") -> µm | H18: =IFERROR(INDEX('产品表 Products'!$J$2:$J$105,MATCH(6,'产品表 Products'!$W$2:$W$105,0)),"") -> 16 | I18: =IFERROR(INDEX('产品表 Products'!$M$2:$M$105,MATCH(6,'产品表 Products'!$W$2:$W$105,0)),"") -> 2730 | J18: =IFERROR(HYPERLINK(INDEX('产品表 Products'!$X$2:$X$105,MATCH(6,'产品表 Products'!$W$2:$W$105,0)),"打开"),"") -> 打开 | L18: 数字闭环控制器
B19: 7 | C19: =IFERROR(INDEX('产品表 Products'!$B$2:$B$105,MATCH(7,'产品表 Products'!$W$2:$W$105,0))&"","") -> 放大型压电促动器 | D19: =IFERROR(INDEX('产品表 Products'!$C$2:$C$105,MATCH(7,'产品表 Products'!$W$2:$W$105,0))&"","") -> APA60S | E19: =IFERROR(INDEX('产品表 Products'!$E$2:$E$105,MATCH(7,'产品表 Products'!$W$2:$W$105,0))&"","") -> 放大型压电促动器 | F19: =IFERROR(INDEX('产品表 Products'!$G$2:$G$105,MATCH(7,'产品表 Products'!$W$2:$W$105,0)),"") -> 75 | G19: =IFERROR(INDEX('产品表 Products'!$H$2:$H$105,MATCH(7,'产品表 Products'!$W$2:$W$105,0))&"","") -> µm | H19: =IFERROR(INDEX('产品表 Products'!$J$2:$J$105,MATCH(7,'产品表 Products'!$W$2:$W$105,0)),"") -> 130 | I19: =IFERROR(INDEX('产品表 Products'!$M$2:$M$105,MATCH(7,'产品表 Products'!$W$2:$W$105,0)),"") -> 2860 | J19: =IFERROR(HYPERLINK(INDEX('产品表 Products'!$X$2:$X$105,MATCH(7,'产品表 Products'!$W$2:$W$105,0)),"打开"),"") -> 打开 | L19: 电涡流位移传感器
B20: 8 | C20: =IFERROR(INDEX('产品表 Products'!$B$2:$B$105,MATCH(8,'产品表 Products'!$W$2:$W$105,0))&"","") -> 放大型压电促动器 | D20: =IFERROR(INDEX('产品表 Products'!$C$2:$C$105,MATCH(8,'产品表 Products'!$W$2:$W$105,0))&"","") -> APA60SM | E20: =IFERROR(INDEX('产品表 Products'!$E$2:$E$105,MATCH(8,'产品表 Products'!$W$2:$W$105,0))&"","") -> 放大型压电促动器 | F20: =IFERROR(INDEX('产品表 Products'!$G$2:$G$105,MATCH(8,'产品表 Products'!$W$2:$W$105,0)),"") -> 77 | G20: =IFERROR(INDEX('产品表 Products'!$H$2:$H$105,MATCH(8,'产品表 Products'!$W$2:$W$105,0))&"","") -> µm | H20: =IFERROR(INDEX('产品表 Products'!$J$2:$J$105,MATCH(8,'产品表 Products'!$W$2:$W$105,0)),"") -> 140 | I20: =IFERROR(INDEX('产品表 Products'!$M$2:$M$105,MATCH(8,'产品表 Products'!$W$2:$W$105,0)),"") -> 2802 | J20: =IFERROR(HYPERLINK(INDEX('产品表 Products'!$X$2:$X$105,MATCH(8,'产品表 Products'!$W$2:$W$105,0)),"打开"),"") -> 打开 | L20: 应变片位置传感器及调理板
B21: 9 | C21: =IFERROR(INDEX('产品表 Products'!$B$2:$B$105,MATCH(9,'产品表 Products'!$W$2:$W$105,0))&"","") -> 放大型压电促动器 | D21: =IFERROR(INDEX('产品表 Products'!$C$2:$C$105,MATCH(9,'产品表 Products'!$W$2:$W$105,0))&"","") -> APA95ML | E21: =IFERROR(INDEX('产品表 Products'!$E$2:$E$105,MATCH(9,'产品表 Products'!$W$2:$W$105,0))&"","") -> 放大型压电促动器 | F21: =IFERROR(INDEX('产品表 Products'!$G$2:$G$105,MATCH(9,'产品表 Products'!$W$2:$W$105,0)),"") -> 99 | G21: =IFERROR(INDEX('产品表 Products'!$H$2:$H$105,MATCH(9,'产品表 Products'!$W$2:$W$105,0))&"","") -> µm | H21: =IFERROR(INDEX('产品表 Products'!$J$2:$J$105,MATCH(9,'产品表 Products'!$W$2:$W$105,0)),"") -> 2100 | I21: =IFERROR(INDEX('产品表 Products'!$M$2:$M$105,MATCH(9,'产品表 Products'!$W$2:$W$105,0)),"") -> 2090 | J21: =IFERROR(HYPERLINK(INDEX('产品表 Products'!$X$2:$X$105,MATCH(9,'产品表 Products'!$W$2:$W$105,0)),"打开"),"") -> 打开
B22: 10 | C22: =IFERROR(INDEX('产品表 Products'!$B$2:$B$105,MATCH(10,'产品表 Products'!$W$2:$W$105,0))&"","") -> 放大型压电促动器 | D22: =IFERROR(INDEX('产品表 Products'!$C$2:$C$105,MATCH(10,'产品表 Products'!$W$2:$W$105,0))&"","") -> APA100MML | E22: =IFERROR(INDEX('产品表 Products'!$E$2:$E$105,MATCH(10,'产品表 Products'!$W$2:$W$105,0))&"","") -> 放大型压电促动器 | F22: =IFERROR(INDEX('产品表 Products'!$G$2:$G$105,MATCH(10,'产品表 Products'!$W$2:$W$105,0)),"") -> 100 | G22: =IFERROR(INDEX('产品表 Products'!$H$2:$H$105,MATCH(10,'产品表 Products'!$W$2:$W$105,0))&"","") -> µm | H22: =IFERROR(INDEX('产品表 Products'!$J$2:$J$105,MATCH(10,'产品表 Products'!$W$2:$W$105,0)),"") -> 830 | I22: =IFERROR(INDEX('产品表 Products'!$M$2:$M$105,MATCH(10,'产品表 Products'!$W$2:$W$105,0)),"") -> 1730 | J22: =IFERROR(HYPERLINK(INDEX('产品表 Products'!$X$2:$X$105,MATCH(10,'产品表 Products'!$W$2:$W$105,0)),"打开"),"") -> 打开
B23: 11 | C23: =IFERROR(INDEX('产品表 Products'!$B$2:$B$105,MATCH(11,'产品表 Products'!$W$2:$W$105,0))&"","") -> 放大型压电促动器 | D23: =IFERROR(INDEX('产品表 Products'!$C$2:$C$105,MATCH(11,'产品表 Products'!$W$2:$W$105,0))&"","") -> APA120ML | E23: =IFERROR(INDEX('产品表 Products'!$E$2:$E$105,MATCH(11,'产品表 Products'!$W$2:$W$105,0))&"","") -> 放大型压电促动器 | F23: =IFERROR(INDEX('产品表 Products'!$G$2:$G$105,MATCH(11,'产品表 Products'!$W$2:$W$105,0)),"") -> 120 | G23: =IFERROR(INDEX('产品表 Products'!$H$2:$H$105,MATCH(11,'产品表 Products'!$W$2:$W$105,0))&"","") -> µm | H23: =IFERROR(INDEX('产品表 Products'!$J$2:$J$105,MATCH(11,'产品表 Products'!$W$2:$W$105,0)),"") -> 1500 | I23: =IFERROR(INDEX('产品表 Products'!$M$2:$M$105,MATCH(11,'产品表 Products'!$W$2:$W$105,0)),"") -> 1880 | J23: =IFERROR(HYPERLINK(INDEX('产品表 Products'!$X$2:$X$105,MATCH(11,'产品表 Products'!$W$2:$W$105,0)),"打开"),"") -> 打开
B24: 12 | C24: =IFERROR(INDEX('产品表 Products'!$B$2:$B$105,MATCH(12,'产品表 Products'!$W$2:$W$105,0))&"","") -> 放大型压电促动器 | D24: =IFERROR(INDEX('产品表 Products'!$C$2:$C$105,MATCH(12,'产品表 Products'!$W$2:$W$105,0))&"","") -> APA100M | E24: =IFERROR(INDEX('产品表 Products'!$E$2:$E$105,MATCH(12,'产品表 Products'!$W$2:$W$105,0))&"","") -> 放大型压电促动器 | F24: =IFERROR(INDEX('产品表 Products'!$G$2:$G$105,MATCH(12,'产品表 Products'!$W$2:$W$105,0)),"") -> 125 | G24: =IFERROR(INDEX('产品表 Products'!$H$2:$H$105,MATCH(12,'产品表 Products'!$W$2:$W$105,0))&"","") -> µm | H24: =IFERROR(INDEX('产品表 Products'!$J$2:$J$105,MATCH(12,'产品表 Products'!$W$2:$W$105,0)),"") -> 230 | I24: =IFERROR(INDEX('产品表 Products'!$M$2:$M$105,MATCH(12,'产品表 Products'!$W$2:$W$105,0)),"") -> 1910 | J24: =IFERROR(HYPERLINK(INDEX('产品表 Products'!$X$2:$X$105,MATCH(12,'产品表 Products'!$W$2:$W$105,0)),"打开"),"") -> 打开
B25: 13 | C25: =IFERROR(INDEX('产品表 Products'!$B$2:$B$105,MATCH(13,'产品表 Products'!$W$2:$W$105,0))&"","") -> 放大型压电促动器 | D25: =IFERROR(INDEX('产品表 Products'!$C$2:$C$105,MATCH(13,'产品表 Products'!$W$2:$W$105,0))&"","") -> APA150XXS | E25: =IFERROR(INDEX('产品表 Products'!$E$2:$E$105,MATCH(13,'产品表 Products'!$W$2:$W$105,0))&"","") -> 放大型压电促动器 | F25: =IFERROR(INDEX('产品表 Products'!$G$2:$G$105,MATCH(13,'产品表 Products'!$W$2:$W$105,0)),"") -> 132 | G25: =IFERROR(INDEX('产品表 Products'!$H$2:$H$105,MATCH(13,'产品表 Products'!$W$2:$W$105,0))&"","") -> µm | H25: =IFERROR(INDEX('产品表 Products'!$J$2:$J$105,MATCH(13,'产品表 Products'!$W$2:$W$105,0)),"") -> 3.2 | I25: =IFERROR(INDEX('产品表 Products'!$M$2:$M$105,MATCH(13,'产品表 Products'!$W$2:$W$105,0)),"") -> 1100 | J25: =IFERROR(HYPERLINK(INDEX('产品表 Products'!$X$2:$X$105,MATCH(13,'产品表 Products'!$W$2:$W$105,0)),"打开"),"") -> 打开
B26: 14 | C26: =IFERROR(INDEX('产品表 Products'!$B$2:$B$105,MATCH(14,'产品表 Products'!$W$2:$W$105,0))&"","") -> 放大型压电促动器 | D26: =IFERROR(INDEX('产品表 Products'!$C$2:$C$105,MATCH(14,'产品表 Products'!$W$2:$W$105,0))&"","") -> APA120S | E26: =IFERROR(INDEX('产品表 Products'!$E$2:$E$105,MATCH(14,'产品表 Products'!$W$2:$W$105,0))&"","") -> 放大型压电促动器 | F26: =IFERROR(INDEX('产品表 Products'!$G$2:$G$105,MATCH(14,'产品表 Products'!$W$2:$W$105,0)),"") -> 140 | G26: =IFERROR(INDEX('产品表 Products'!$H$2:$H$105,MATCH(14,'产品表 Products'!$W$2:$W$105,0))&"","") -> µm | H26: =IFERROR(INDEX('产品表 Products'!$J$2:$J$105,MATCH(14,'产品表 Products'!$W$2:$W$105,0)),"") -> 46 | I26: =IFERROR(INDEX('产品表 Products'!$M$2:$M$105,MATCH(14,'产品表 Products'!$W$2:$W$105,0)),"") -> 1340 | J26: =IFERROR(HYPERLINK(INDEX('产品表 Products'!$X$2:$X$105,MATCH(14,'产品表 Products'!$W$2:$W$105,0)),"打开"),"") -> 打开
B27: 15 | C27: =IFERROR(INDEX('产品表 Products'!$B$2:$B$105,MATCH(15,'产品表 Products'!$W$2:$W$105,0))&"","") -> 放大型压电促动器 | D27: =IFERROR(INDEX('产品表 Products'!$C$2:$C$105,MATCH(15,'产品表 Products'!$W$2:$W$105,0))&"","") -> APA150M | E27: =IFERROR(INDEX('产品表 Products'!$E$2:$E$105,MATCH(15,'产品表 Products'!$W$2:$W$105,0))&"","") -> 放大型压电促动器 | F27: =IFERROR(INDEX('产品表 Products'!$G$2:$G$105,MATCH(15,'产品表 Products'!$W$2:$W$105,0)),"") -> 185 | G27: =IFERROR(INDEX('产品表 Products'!$H$2:$H$105,MATCH(15,'产品表 Products'!$W$2:$W$105,0))&"","") -> µm | H27: =IFERROR(INDEX('产品表 Products'!$J$2:$J$105,MATCH(15,'产品表 Products'!$W$2:$W$105,0)),"") -> 130 | I27: =IFERROR(INDEX('产品表 Products'!$M$2:$M$105,MATCH(15,'产品表 Products'!$W$2:$W$105,0)),"") -> 1300 | J27: =IFERROR(HYPERLINK(INDEX('产品表 Products'!$X$2:$X$105,MATCH(15,'产品表 Products'!$W$2:$W$105,0)),"打开"),"") -> 打开
B28: 16 | C28: =IFERROR(INDEX('产品表 Products'!$B$2:$B$105,MATCH(16,'产品表 Products'!$W$2:$W$105,0))&"","") -> 放大型压电促动器 | D28: =IFERROR(INDEX('产品表 Products'!$C$2:$C$105,MATCH(16,'产品表 Products'!$W$2:$W$105,0))&"","") -> APA200ML | E28: =IFERROR(INDEX('产品表 Products'!$E$2:$E$105,MATCH(16,'产品表 Products'!$W$2:$W$105,0))&"","") -> 放大型压电促动器 | F28: =IFERROR(INDEX('产品表 Products'!$G$2:$G$105,MATCH(16,'产品表 Products'!$W$2:$W$105,0)),"") -> 220 | G28: =IFERROR(INDEX('产品表 Products'!$H$2:$H$105,MATCH(16,'产品表 Products'!$W$2:$W$105,0))&"","") -> µm | H28: =IFERROR(INDEX('产品表 Products'!$J$2:$J$105,MATCH(16,'产品表 Products'!$W$2:$W$105,0)),"") -> 780 | I28: =IFERROR(INDEX('产品表 Products'!$M$2:$M$105,MATCH(16,'产品表 Products'!$W$2:$W$105,0)),"") -> 1015 | J28: =IFERROR(HYPERLINK(INDEX('产品表 Products'!$X$2:$X$105,MATCH(16,'产品表 Products'!$W$2:$W$105,0)),"打开"),"") -> 打开
B29: 17 | C29: =IFERROR(INDEX('产品表 Products'!$B$2:$B$105,MATCH(17,'产品表 Products'!$W$2:$W$105,0))&"","") -> 放大型压电促动器 | D29: =IFERROR(INDEX('产品表 Products'!$C$2:$C$105,MATCH(17,'产品表 Products'!$W$2:$W$105,0))&"","") -> APA230L | E29: =IFERROR(INDEX('产品表 Products'!$E$2:$E$105,MATCH(17,'产品表 Products'!$W$2:$W$105,0))&"","") -> 放大型压电促动器 | F29: =IFERROR(INDEX('产品表 Products'!$G$2:$G$105,MATCH(17,'产品表 Products'!$W$2:$W$105,0)),"") -> 230 | G29: =IFERROR(INDEX('产品表 Products'!$H$2:$H$105,MATCH(17,'产品表 Products'!$W$2:$W$105,0))&"","") -> µm | H29: =IFERROR(INDEX('产品表 Products'!$J$2:$J$105,MATCH(17,'产品表 Products'!$W$2:$W$105,0)),"") -> 1300 | I29: =IFERROR(INDEX('产品表 Products'!$M$2:$M$105,MATCH(17,'产品表 Products'!$W$2:$W$105,0)),"") -> 857 | J29: =IFERROR(HYPERLINK(INDEX('产品表 Products'!$X$2:$X$105,MATCH(17,'产品表 Products'!$W$2:$W$105,0)),"打开"),"") -> 打开
B30: 18 | C30: =IFERROR(INDEX('产品表 Products'!$B$2:$B$105,MATCH(18,'产品表 Products'!$W$2:$W$105,0))&"","") -> 放大型压电促动器 | D30: =IFERROR(INDEX('产品表 Products'!$C$2:$C$105,MATCH(18,'产品表 Products'!$W$2:$W$105,0))&"","") -> APA200M | E30: =IFERROR(INDEX('产品表 Products'!$E$2:$E$105,MATCH(18,'产品表 Products'!$W$2:$W$105,0))&"","") -> 放大型压电促动器 | F30: =IFERROR(INDEX('产品表 Products'!$G$2:$G$105,MATCH(18,'产品表 Products'!$W$2:$W$105,0)),"") -> 235 | G30: =IFERROR(INDEX('产品表 Products'!$H$2:$H$105,MATCH(18,'产品表 Products'!$W$2:$W$105,0))&"","") -> µm | H30: =IFERROR(INDEX('产品表 Products'!$J$2:$J$105,MATCH(18,'产品表 Products'!$W$2:$W$105,0)),"") -> 87 | I30: =IFERROR(INDEX('产品表 Products'!$M$2:$M$105,MATCH(18,'产品表 Products'!$W$2:$W$105,0)),"") -> 906 | J30: =IFERROR(HYPERLINK(INDEX('产品表 Products'!$X$2:$X$105,MATCH(18,'产品表 Products'!$W$2:$W$105,0)),"打开"),"") -> 打开
B31: 19 | C31: =IFERROR(INDEX('产品表 Products'!$B$2:$B$105,MATCH(19,'产品表 Products'!$W$2:$W$105,0))&"","") -> 放大型压电促动器 | D31: =IFERROR(INDEX('产品表 Products'!$C$2:$C$105,MATCH(19,'产品表 Products'!$W$2:$W$105,0))&"","") -> APA300ML | E31: =IFERROR(INDEX('产品表 Products'!$E$2:$E$105,MATCH(19,'产品表 Products'!$W$2:$W$105,0))&"","") -> 放大型压电促动器 | F31: =IFERROR(INDEX('产品表 Products'!$G$2:$G$105,MATCH(19,'产品表 Products'!$W$2:$W$105,0)),"") -> 300 | G31: =IFERROR(INDEX('产品表 Products'!$H$2:$H$105,MATCH(19,'产品表 Products'!$W$2:$W$105,0))&"","") -> µm | H31: =IFERROR(INDEX('产品表 Products'!$J$2:$J$105,MATCH(19,'产品表 Products'!$W$2:$W$105,0)),"") -> 540 | I31: =IFERROR(INDEX('产品表 Products'!$M$2:$M$105,MATCH(19,'产品表 Products'!$W$2:$W$105,0)),"") -> 758 | J31: =IFERROR(HYPERLINK(INDEX('产品表 Products'!$X$2:$X$105,MATCH(19,'产品表 Products'!$W$2:$W$105,0)),"打开"),"") -> 打开
B32: 20 | C32: =IFERROR(INDEX('产品表 Products'!$B$2:$B$105,MATCH(20,'产品表 Products'!$W$2:$W$105,0))&"","") -> 放大型压电促动器 | D32: =IFERROR(INDEX('产品表 Products'!$C$2:$C$105,MATCH(20,'产品表 Products'!$W$2:$W$105,0))&"","") -> APA400MML | E32: =IFERROR(INDEX('产品表 Products'!$E$2:$E$105,MATCH(20,'产品表 Products'!$W$2:$W$105,0))&"","") -> 放大型压电促动器 | F32: =IFERROR(INDEX('产品表 Products'!$G$2:$G$105,MATCH(20,'产品表 Products'!$W$2:$W$105,0)),"") -> 355 | G32: =IFERROR(INDEX('产品表 Products'!$H$2:$H$105,MATCH(20,'产品表 Products'!$W$2:$W$105,0))&"","") -> µm | H32: =IFERROR(INDEX('产品表 Products'!$J$2:$J$105,MATCH(20,'产品表 Products'!$W$2:$W$105,0)),"") -> 180 | I32: =IFERROR(INDEX('产品表 Products'!$M$2:$M$105,MATCH(20,'产品表 Products'!$W$2:$W$105,0)),"") -> 634 | J32: =IFERROR(HYPERLINK(INDEX('产品表 Products'!$X$2:$X$105,MATCH(20,'产品表 Products'!$W$2:$W$105,0)),"打开"),"") -> 打开
B33: 21 | C33: =IFERROR(INDEX('产品表 Products'!$B$2:$B$105,MATCH(21,'产品表 Products'!$W$2:$W$105,0))&"","") -> 放大型压电促动器 | D33: =IFERROR(INDEX('产品表 Products'!$C$2:$C$105,MATCH(21,'产品表 Products'!$W$2:$W$105,0))&"","") -> APA400M | E33: =IFERROR(INDEX('产品表 Products'!$E$2:$E$105,MATCH(21,'产品表 Products'!$W$2:$W$105,0))&"","") -> 放大型压电促动器 | F33: =IFERROR(INDEX('产品表 Products'!$G$2:$G$105,MATCH(21,'产品表 Products'!$W$2:$W$105,0)),"") -> 455 | G33: =IFERROR(INDEX('产品表 Products'!$H$2:$H$105,MATCH(21,'产品表 Products'!$W$2:$W$105,0))&"","") -> µm | H33: =IFERROR(INDEX('产品表 Products'!$J$2:$J$105,MATCH(21,'产品表 Products'!$W$2:$W$105,0)),"") -> 34 | I33: =IFERROR(INDEX('产品表 Products'!$M$2:$M$105,MATCH(21,'产品表 Products'!$W$2:$W$105,0)),"") -> 423 | J33: =IFERROR(HYPERLINK(INDEX('产品表 Products'!$X$2:$X$105,MATCH(21,'产品表 Products'!$W$2:$W$105,0)),"打开"),"") -> 打开
B34: 22 | C34: =IFERROR(INDEX('产品表 Products'!$B$2:$B$105,MATCH(22,'产品表 Products'!$W$2:$W$105,0))&"","") -> 放大型压电促动器 | D34: =IFERROR(INDEX('产品表 Products'!$C$2:$C$105,MATCH(22,'产品表 Products'!$W$2:$W$105,0))&"","") -> APA500L | E34: =IFERROR(INDEX('产品表 Products'!$E$2:$E$105,MATCH(22,'产品表 Products'!$W$2:$W$105,0))&"","") -> 放大型压电促动器 | F34: =IFERROR(INDEX('产品表 Products'!$G$2:$G$105,MATCH(22,'产品表 Products'!$W$2:$W$105,0)),"") -> 510 | G34: =IFERROR(INDEX('产品表 Products'!$H$2:$H$105,MATCH(22,'产品表 Products'!$W$2:$W$105,0))&"","") -> µm | H34: =IFERROR(INDEX('产品表 Products'!$J$2:$J$105,MATCH(22,'产品表 Products'!$W$2:$W$105,0)),"") -> 580 | I34: =IFERROR(INDEX('产品表 Products'!$M$2:$M$105,MATCH(22,'产品表 Products'!$W$2:$W$105,0)),"") -> 456 | J34: =IFERROR(HYPERLINK(INDEX('产品表 Products'!$X$2:$X$105,MATCH(22,'产品表 Products'!$W$2:$W$105,0)),"打开"),"") -> 打开
B35: 23 | C35: =IFERROR(INDEX('产品表 Products'!$B$2:$B$105,MATCH(23,'产品表 Products'!$W$2:$W$105,0))&"","") -> 放大型压电促动器 | D35: =IFERROR(INDEX('产品表 Products'!$C$2:$C$105,MATCH(23,'产品表 Products'!$W$2:$W$105,0))&"","") -> APA600M | E35: =IFERROR(INDEX('产品表 Products'!$E$2:$E$105,MATCH(23,'产品表 Products'!$W$2:$W$105,0))&"","") -> 放大型压电促动器 | F35: =IFERROR(INDEX('产品表 Products'!$G$2:$G$105,MATCH(23,'产品表 Products'!$W$2:$W$105,0)),"") -> 550 | G35: =IFERROR(INDEX('产品表 Products'!$H$2:$H$105,MATCH(23,'产品表 Products'!$W$2:$W$105,0))&"","") -> µm | H35: =IFERROR(INDEX('产品表 Products'!$J$2:$J$105,MATCH(23,'产品表 Products'!$W$2:$W$105,0)),"") -> 24 | I35: =IFERROR(INDEX('产品表 Products'!$M$2:$M$105,MATCH(23,'产品表 Products'!$W$2:$W$105,0)),"") -> 316 | J35: =IFERROR(HYPERLINK(INDEX('产品表 Products'!$X$2:$X$105,MATCH(23,'产品表 Products'!$W$2:$W$105,0)),"打开"),"") -> 打开
B36: 24 | C36: =IFERROR(INDEX('产品表 Products'!$B$2:$B$105,MATCH(24,'产品表 Products'!$W$2:$W$105,0))&"","") -> 放大型压电促动器 | D36: =IFERROR(INDEX('产品表 Products'!$C$2:$C$105,MATCH(24,'产品表 Products'!$W$2:$W$105,0))&"","") -> APA500XL | E36: =IFERROR(INDEX('产品表 Products'!$E$2:$E$105,MATCH(24,'产品表 Products'!$W$2:$W$105,0))&"","") -> 放大型压电促动器 | F36: =IFERROR(INDEX('产品表 Products'!$G$2:$G$105,MATCH(24,'产品表 Products'!$W$2:$W$105,0)),"") -> 590 | G36: =IFERROR(INDEX('产品表 Products'!$H$2:$H$105,MATCH(24,'产品表 Products'!$W$2:$W$105,0))&"","") -> µm | H36: =IFERROR(INDEX('产品表 Products'!$J$2:$J$105,MATCH(24,'产品表 Products'!$W$2:$W$105,0)),"") -> 1400 | I36: =IFERROR(INDEX('产品表 Products'!$M$2:$M$105,MATCH(24,'产品表 Products'!$W$2:$W$105,0)),"") -> 345 | J36: =IFERROR(HYPERLINK(INDEX('产品表 Products'!$X$2:$X$105,MATCH(24,'产品表 Products'!$W$2:$W$105,0)),"打开"),"") -> 打开
B37: 25 | C37: =IFERROR(INDEX('产品表 Products'!$B$2:$B$105,MATCH(25,'产品表 Products'!$W$2:$W$105,0))&"","") -> 放大型压电促动器 | D37: =IFERROR(INDEX('产品表 Products'!$C$2:$C$105,MATCH(25,'产品表 Products'!$W$2:$W$105,0))&"","") -> APA600MML | E37: =IFERROR(INDEX('产品表 Products'!$E$2:$E$105,MATCH(25,'产品表 Products'!$W$2:$W$105,0))&"","") -> 放大型压电促动器 | F37: =IFERROR(INDEX('产品表 Products'!$G$2:$G$105,MATCH(25,'产品表 Products'!$W$2:$W$105,0)),"") -> 650 | G37: =IFERROR(INDEX('产品表 Products'!$H$2:$H$105,MATCH(25,'产品表 Products'!$W$2:$W$105,0))&"","") -> µm | H37: =IFERROR(INDEX('产品表 Products'!$J$2:$J$105,MATCH(25,'产品表 Products'!$W$2:$W$105,0)),"") -> 78 | I37: =IFERROR(INDEX('产品表 Products'!$M$2:$M$105,MATCH(25,'产品表 Products'!$W$2:$W$105,0)),"") -> 323 | J37: =IFERROR(HYPERLINK(INDEX('产品表 Products'!$X$2:$X$105,MATCH(25,'产品表 Products'!$W$2:$W$105,0)),"打开"),"") -> 打开
B38: 26 | C38: =IFERROR(INDEX('产品表 Products'!$B$2:$B$105,MATCH(26,'产品表 Products'!$W$2:$W$105,0))&"","") -> 放大型压电促动器 | D38: =IFERROR(INDEX('产品表 Products'!$C$2:$C$105,MATCH(26,'产品表 Products'!$W$2:$W$105,0))&"","") -> APA500XXL | E38: =IFERROR(INDEX('产品表 Products'!$E$2:$E$105,MATCH(26,'产品表 Products'!$W$2:$W$105,0))&"","") -> 放大型压电促动器 | F38: =IFERROR(INDEX('产品表 Products'!$G$2:$G$105,MATCH(26,'产品表 Products'!$W$2:$W$105,0)),"") -> 690 | G38: =IFERROR(INDEX('产品表 Products'!$H$2:$H$105,MATCH(26,'产品表 Products'!$W$2:$W$105,0))&"","") -> µm | H38: =IFERROR(INDEX('产品表 Products'!$J$2:$J$105,MATCH(26,'产品表 Products'!$W$2:$W$105,0)),"") -> 44000 | I38: =IFERROR(INDEX('产品表 Products'!$M$2:$M$105,MATCH(26,'产品表 Products'!$W$2:$W$105,0)),"") -> 300 | J38: =IFERROR(HYPERLINK(INDEX('产品表 Products'!$X$2:$X$105,MATCH(26,'产品表 Products'!$W$2:$W$105,0)),"打开"),"") -> 打开
B39: 27 | C39: =IFERROR(INDEX('产品表 Products'!$B$2:$B$105,MATCH(27,'产品表 Products'!$W$2:$W$105,0))&"","") -> 放大型压电促动器 | D39: =IFERROR(INDEX('产品表 Products'!$C$2:$C$105,MATCH(27,'产品表 Products'!$W$2:$W$105,0))&"","") -> APA900M | E39: =IFERROR(INDEX('产品表 Products'!$E$2:$E$105,MATCH(27,'产品表 Products'!$W$2:$W$105,0))&"","") -> 放大型压电促动器 | F39: =IFERROR(INDEX('产品表 Products'!$G$2:$G$105,MATCH(27,'产品表 Products'!$W$2:$W$105,0)),"") -> 785 | G39: =IFERROR(INDEX('产品表 Products'!$H$2:$H$105,MATCH(27,'产品表 Products'!$W$2:$W$105,0))&"","") -> µm | H39: =IFERROR(INDEX('产品表 Products'!$J$2:$J$105,MATCH(27,'产品表 Products'!$W$2:$W$105,0)),"") -> 18 | I39: =IFERROR(INDEX('产品表 Products'!$M$2:$M$105,MATCH(27,'产品表 Products'!$W$2:$W$105,0)),"") -> 259 | J39: =IFERROR(HYPERLINK(INDEX('产品表 Products'!$X$2:$X$105,MATCH(27,'产品表 Products'!$W$2:$W$105,0)),"打开"),"") -> 打开
B40: 28 | C40: =IFERROR(INDEX('产品表 Products'!$B$2:$B$105,MATCH(28,'产品表 Products'!$W$2:$W$105,0))&"","") -> 放大型压电促动器 | D40: =IFERROR(INDEX('产品表 Products'!$C$2:$C$105,MATCH(28,'产品表 Products'!$W$2:$W$105,0))&"","") -> APA1000L | E40: =IFERROR(INDEX('产品表 Products'!$E$2:$E$105,MATCH(28,'产品表 Products'!$W$2:$W$105,0))&"","") -> 放大型压电促动器 | F40: =IFERROR(INDEX('产品表 Products'!$G$2:$G$105,MATCH(28,'产品表 Products'!$W$2:$W$105,0)),"") -> 870 | G40: =IFERROR(INDEX('产品表 Products'!$H$2:$H$105,MATCH(28,'产品表 Products'!$W$2:$W$105,0))&"","") -> µm | H40: =IFERROR(INDEX('产品表 Products'!$J$2:$J$105,MATCH(28,'产品表 Products'!$W$2:$W$105,0)),"") -> 350 | I40: =IFERROR(INDEX('产品表 Products'!$M$2:$M$105,MATCH(28,'产品表 Products'!$W$2:$W$105,0)),"") -> 290 | J40: =IFERROR(HYPERLINK(INDEX('产品表 Products'!$X$2:$X$105,MATCH(28,'产品表 Products'!$W$2:$W$105,0)),"打开"),"") -> 打开
B41: 29 | C41: =IFERROR(INDEX('产品表 Products'!$B$2:$B$105,MATCH(29,'产品表 Products'!$W$2:$W$105,0))&"","") -> 放大型压电促动器 | D41: =IFERROR(INDEX('产品表 Products'!$C$2:$C$105,MATCH(29,'产品表 Products'!$W$2:$W$105,0))&"","") -> APA1000XL | E41: =IFERROR(INDEX('产品表 Products'!$E$2:$E$105,MATCH(29,'产品表 Products'!$W$2:$W$105,0))&"","") -> 放大型压电促动器 | F41: =IFERROR(INDEX('产品表 Products'!$G$2:$G$105,MATCH(29,'产品表 Products'!$W$2:$W$105,0)),"") -> 1100 | G41: =IFERROR(INDEX('产品表 Products'!$H$2:$H$105,MATCH(29,'产品表 Products'!$W$2:$W$105,0))&"","") -> µm | H41: =IFERROR(INDEX('产品表 Products'!$J$2:$J$105,MATCH(29,'产品表 Products'!$W$2:$W$105,0)),"") -> 770 | I41: =IFERROR(INDEX('产品表 Products'!$M$2:$M$105,MATCH(29,'产品表 Products'!$W$2:$W$105,0)),"") -> 212 | J41: =IFERROR(HYPERLINK(INDEX('产品表 Products'!$X$2:$X$105,MATCH(29,'产品表 Products'!$W$2:$W$105,0)),"打开"),"") -> 打开
B42: 30 | C42: =IFERROR(INDEX('产品表 Products'!$B$2:$B$105,MATCH(30,'产品表 Products'!$W$2:$W$105,0))&"","") -> 放大型压电促动器 | D42: =IFERROR(INDEX('产品表 Products'!$C$2:$C$105,MATCH(30,'产品表 Products'!$W$2:$W$105,0))&"","") -> APA1500L | E42: =IFERROR(INDEX('产品表 Products'!$E$2:$E$105,MATCH(30,'产品表 Products'!$W$2:$W$105,0))&"","") -> 放大型压电促动器 | F42: =IFERROR(INDEX('产品表 Products'!$G$2:$G$105,MATCH(30,'产品表 Products'!$W$2:$W$105,0)),"") -> 1480 | G42: =IFERROR(INDEX('产品表 Products'!$H$2:$H$105,MATCH(30,'产品表 Products'!$W$2:$W$105,0))&"","") -> µm | H42: =IFERROR(INDEX('产品表 Products'!$J$2:$J$105,MATCH(30,'产品表 Products'!$W$2:$W$105,0)),"") -> 99 | I42: =IFERROR(INDEX('产品表 Products'!$M$2:$M$105,MATCH(30,'产品表 Products'!$W$2:$W$105,0)),"") -> 135 | J42: =IFERROR(HYPERLINK(INDEX('产品表 Products'!$X$2:$X$105,MATCH(30,'产品表 Products'!$W$2:$W$105,0)),"打开"),"") -> 打开
B43: 31 | C43: =IFERROR(INDEX('产品表 Products'!$B$2:$B$105,MATCH(31,'产品表 Products'!$W$2:$W$105,0))&"","") -> 放大型压电促动器 | D43: =IFERROR(INDEX('产品表 Products'!$C$2:$C$105,MATCH(31,'产品表 Products'!$W$2:$W$105,0))&"","") -> APA2000L | E43: =IFERROR(INDEX('产品表 Products'!$E$2:$E$105,MATCH(31,'产品表 Products'!$W$2:$W$105,0))&"","") -> 放大型压电促动器 | F43: =IFERROR(INDEX('产品表 Products'!$G$2:$G$105,MATCH(31,'产品表 Products'!$W$2:$W$105,0)),"") -> 2010 | G43: =IFERROR(INDEX('产品表 Products'!$H$2:$H$105,MATCH(31,'产品表 Products'!$W$2:$W$105,0))&"","") -> µm | H43: =IFERROR(INDEX('产品表 Products'!$J$2:$J$105,MATCH(31,'产品表 Products'!$W$2:$W$105,0)),"") -> 62 | I43: =IFERROR(INDEX('产品表 Products'!$M$2:$M$105,MATCH(31,'产品表 Products'!$W$2:$W$105,0)),"") -> 87 | J43: =IFERROR(HYPERLINK(INDEX('产品表 Products'!$X$2:$X$105,MATCH(31,'产品表 Products'!$W$2:$W$105,0)),"打开"),"") -> 打开
B44: 32 | C44: =IFERROR(INDEX('产品表 Products'!$B$2:$B$105,MATCH(32,'产品表 Products'!$W$2:$W$105,0))&"","") -> 预紧式压电叠堆促动器 | D44: =IFERROR(INDEX('产品表 Products'!$C$2:$C$105,MATCH(32,'产品表 Products'!$W$2:$W$105,0))&"","") -> PPA10M | E44: =IFERROR(INDEX('产品表 Products'!$E$2:$E$105,MATCH(32,'产品表 Products'!$W$2:$W$105,0))&"","") -> 预紧式压电叠堆促动器 | F44: =IFERROR(INDEX('产品表 Products'!$G$2:$G$105,MATCH(32,'产品表 Products'!$W$2:$W$105,0)),"") -> 8.3 | G44: =IFERROR(INDEX('产品表 Products'!$H$2:$H$105,MATCH(32,'产品表 Products'!$W$2:$W$105,0))&"","") -> µm | H44: =IFERROR(INDEX('产品表 Products'!$J$2:$J$105,MATCH(32,'产品表 Products'!$W$2:$W$105,0)),"") -> 850 | I44: =IFERROR(INDEX('产品表 Products'!$M$2:$M$105,MATCH(32,'产品表 Products'!$W$2:$W$105,0)),"") -> 32300 | J44: =IFERROR(HYPERLINK(INDEX('产品表 Products'!$X$2:$X$105,MATCH(32,'产品表 Products'!$W$2:$W$105,0)),"打开"),"") -> 打开
B45: 33 | C45: =IFERROR(INDEX('产品表 Products'!$B$2:$B$105,MATCH(33,'产品表 Products'!$W$2:$W$105,0))&"","") -> 预紧式压电叠堆促动器 | D45: =IFERROR(INDEX('产品表 Products'!$C$2:$C$105,MATCH(33,'产品表 Products'!$W$2:$W$105,0))&"","") -> PPA20M | E45: =IFERROR(INDEX('产品表 Products'!$E$2:$E$105,MATCH(33,'产品表 Products'!$W$2:$W$105,0))&"","") -> 预紧式压电叠堆促动器 | F45: =IFERROR(INDEX('产品表 Products'!$G$2:$G$105,MATCH(33,'产品表 Products'!$W$2:$W$105,0)),"") -> 19.5 | G45: =IFERROR(INDEX('产品表 Products'!$H$2:$H$105,MATCH(33,'产品表 Products'!$W$2:$W$105,0))&"","") -> µm | H45: =IFERROR(INDEX('产品表 Products'!$J$2:$J$105,MATCH(33,'产品表 Products'!$W$2:$W$105,0)),"") -> 850 | I45: =IFERROR(INDEX('产品表 Products'!$M$2:$M$105,MATCH(33,'产品表 Products'!$W$2:$W$105,0)),"") -> 20200 | J45: =IFERROR(HYPERLINK(INDEX('产品表 Products'!$X$2:$X$105,MATCH(33,'产品表 Products'!$W$2:$W$105,0)),"打开"),"") -> 打开
B46: 34 | C46: =IFERROR(INDEX('产品表 Products'!$B$2:$B$105,MATCH(34,'产品表 Products'!$W$2:$W$105,0))&"","") -> 预紧式压电叠堆促动器 | D46: =IFERROR(INDEX('产品表 Products'!$C$2:$C$105,MATCH(34,'产品表 Products'!$W$2:$W$105,0))&"","") -> PPA40M | E46: =IFERROR(INDEX('产品表 Products'!$E$2:$E$105,MATCH(34,'产品表 Products'!$W$2:$W$105,0))&"","") -> 预紧式压电叠堆促动器 | F46: =IFERROR(INDEX('产品表 Products'!$G$2:$G$105,MATCH(34,'产品表 Products'!$W$2:$W$105,0)),"") -> 38 | G46: =IFERROR(INDEX('产品表 Products'!$H$2:$H$105,MATCH(34,'产品表 Products'!$W$2:$W$105,0))&"","") -> µm | H46: =IFERROR(INDEX('产品表 Products'!$J$2:$J$105,MATCH(34,'产品表 Products'!$W$2:$W$105,0)),"") -> 850 | I46: =IFERROR(INDEX('产品表 Products'!$M$2:$M$105,MATCH(34,'产品表 Products'!$W$2:$W$105,0)),"") -> 11300 | J46: =IFERROR(HYPERLINK(INDEX('产品表 Products'!$X$2:$X$105,MATCH(34,'产品表 Products'!$W$2:$W$105,0)),"打开"),"") -> 打开
B47: 35 | C47: =IFERROR(INDEX('产品表 Products'!$B$2:$B$105,MATCH(35,'产品表 Products'!$W$2:$W$105,0))&"","") -> 预紧式压电叠堆促动器 | D47: =IFERROR(INDEX('产品表 Products'!$C$2:$C$105,MATCH(35,'产品表 Products'!$W$2:$W$105,0))&"","") -> PPA40XL | E47: =IFERROR(INDEX('产品表 Products'!$E$2:$E$105,MATCH(35,'产品表 Products'!$W$2:$W$105,0))&"","") -> 预紧式压电叠堆促动器 | F47: =IFERROR(INDEX('产品表 Products'!$G$2:$G$105,MATCH(35,'产品表 Products'!$W$2:$W$105,0)),"") -> 43 | G47: =IFERROR(INDEX('产品表 Products'!$H$2:$H$105,MATCH(35,'产品表 Products'!$W$2:$W$105,0))&"","") -> µm | H47: =IFERROR(INDEX('产品表 Products'!$J$2:$J$105,MATCH(35,'产品表 Products'!$W$2:$W$105,0)),"") -> 7000 | I47: =IFERROR(INDEX('产品表 Products'!$M$2:$M$105,MATCH(35,'产品表 Products'!$W$2:$W$105,0)),"") -> 8040 | J47: =IFERROR(HYPERLINK(INDEX('产品表 Products'!$X$2:$X$105,MATCH(35,'产品表 Products'!$W$2:$W$105,0)),"打开"),"") -> 打开
B48: 36 | C48: =IFERROR(INDEX('产品表 Products'!$B$2:$B$105,MATCH(36,'产品表 Products'!$W$2:$W$105,0))&"","") -> 预紧式压电叠堆促动器 | D48: =IFERROR(INDEX('产品表 Products'!$C$2:$C$105,MATCH(36,'产品表 Products'!$W$2:$W$105,0))&"","") -> PPA40L | E48: =IFERROR(INDEX('产品表 Products'!$E$2:$E$105,MATCH(36,'产品表 Products'!$W$2:$W$105,0))&"","") -> 预紧式压电叠堆促动器 | F48: =IFERROR(INDEX('产品表 Products'!$G$2:$G$105,MATCH(36,'产品表 Products'!$W$2:$W$105,0)),"") -> 44 | G48: =IFERROR(INDEX('产品表 Products'!$H$2:$H$105,MATCH(36,'产品表 Products'!$W$2:$W$105,0))&"","") -> µm | H48: =IFERROR(INDEX('产品表 Products'!$J$2:$J$105,MATCH(36,'产品表 Products'!$W$2:$W$105,0)),"") -> 3500 | I48: =IFERROR(INDEX('产品表 Products'!$M$2:$M$105,MATCH(36,'产品表 Products'!$W$2:$W$105,0)),"") -> 8320 | J48: =IFERROR(HYPERLINK(INDEX('产品表 Products'!$X$2:$X$105,MATCH(36,'产品表 Products'!$W$2:$W$105,0)),"打开"),"") -> 打开
B49: 37 | C49: =IFERROR(INDEX('产品表 Products'!$B$2:$B$105,MATCH(37,'产品表 Products'!$W$2:$W$105,0))&"","") -> 预紧式压电叠堆促动器 | D49: =IFERROR(INDEX('产品表 Products'!$C$2:$C$105,MATCH(37,'产品表 Products'!$W$2:$W$105,0))&"","") -> PPA60L | E49: =IFERROR(INDEX('产品表 Products'!$E$2:$E$105,MATCH(37,'产品表 Products'!$W$2:$W$105,0))&"","") -> 预紧式压电叠堆促动器 | F49: =IFERROR(INDEX('产品表 Products'!$G$2:$G$105,MATCH(37,'产品表 Products'!$W$2:$W$105,0)),"") -> 67 | G49: =IFERROR(INDEX('产品表 Products'!$H$2:$H$105,MATCH(37,'产品表 Products'!$W$2:$W$105,0))&"","") -> µm | H49: =IFERROR(INDEX('产品表 Products'!$J$2:$J$105,MATCH(37,'产品表 Products'!$W$2:$W$105,0)),"") -> 3500 | I49: =IFERROR(INDEX('产品表 Products'!$M$2:$M$105,MATCH(37,'产品表 Products'!$W$2:$W$105,0)),"") -> 5980 | J49: =IFERROR(HYPERLINK(INDEX('产品表 Products'!$X$2:$X$105,MATCH(37,'产品表 Products'!$W$2:$W$105,0)),"打开"),"") -> 打开
B50: 38 | C50: =IFERROR(INDEX('产品表 Products'!$B$2:$B$105,MATCH(38,'产品表 Products'!$W$2:$W$105,0))&"","") -> 预紧式压电叠堆促动器 | D50: =IFERROR(INDEX('产品表 Products'!$C$2:$C$105,MATCH(38,'产品表 Products'!$W$2:$W$105,0))&"","") -> PPA80L | E50: =IFERROR(INDEX('产品表 Products'!$E$2:$E$105,MATCH(38,'产品表 Products'!$W$2:$W$105,0))&"","") -> 预紧式压电叠堆促动器 | F50: =IFERROR(INDEX('产品表 Products'!$G$2:$G$105,MATCH(38,'产品表 Products'!$W$2:$W$105,0)),"") -> 85 | G50: =IFERROR(INDEX('产品表 Products'!$H$2:$H$105,MATCH(38,'产品表 Products'!$W$2:$W$105,0))&"","") -> µm | H50: =IFERROR(INDEX('产品表 Products'!$J$2:$J$105,MATCH(38,'产品表 Products'!$W$2:$W$105,0)),"") -> 3500 | I50: =IFERROR(INDEX('产品表 Products'!$M$2:$M$105,MATCH(38,'产品表 Products'!$W$2:$W$105,0)),"") -> 4670 | J50: =IFERROR(HYPERLINK(INDEX('产品表 Products'!$X$2:$X$105,MATCH(38,'产品表 Products'!$W$2:$W$105,0)),"打开"),"") -> 打开
B51: 39 | C51: =IFERROR(INDEX('产品表 Products'!$B$2:$B$105,MATCH(39,'产品表 Products'!$W$2:$W$105,0))&"","") -> 预紧式压电叠堆促动器 | D51: =IFERROR(INDEX('产品表 Products'!$C$2:$C$105,MATCH(39,'产品表 Products'!$W$2:$W$105,0))&"","") -> PPA80XL | E51: =IFERROR(INDEX('产品表 Products'!$E$2:$E$105,MATCH(39,'产品表 Products'!$W$2:$W$105,0))&"","") -> 预紧式压电叠堆促动器 | F51: =IFERROR(INDEX('产品表 Products'!$G$2:$G$105,MATCH(39,'产品表 Products'!$W$2:$W$105,0)),"") -> 90 | G51: =IFERROR(INDEX('产品表 Products'!$H$2:$H$105,MATCH(39,'产品表 Products'!$W$2:$W$105,0))&"","") -> µm | H51: =IFERROR(INDEX('产品表 Products'!$J$2:$J$105,MATCH(39,'产品表 Products'!$W$2:$W$105,0)),"") -> 7000 | I51: =IFERROR(INDEX('产品表 Products'!$M$2:$M$105,MATCH(39,'产品表 Products'!$W$2:$W$105,0)),"") -> 4620 | J51: =IFERROR(HYPERLINK(INDEX('产品表 Products'!$X$2:$X$105,MATCH(39,'产品表 Products'!$W$2:$W$105,0)),"打开"),"") -> 打开
B52: 40 | C52: =IFERROR(INDEX('产品表 Products'!$B$2:$B$105,MATCH(40,'产品表 Products'!$W$2:$W$105,0))&"","") -> 预紧式压电叠堆促动器 | D52: =IFERROR(INDEX('产品表 Products'!$C$2:$C$105,MATCH(40,'产品表 Products'!$W$2:$W$105,0))&"","") -> PPA120L | E52: =IFERROR(INDEX('产品表 Products'!$E$2:$E$105,MATCH(40,'产品表 Products'!$W$2:$W$105,0))&"","") -> 预紧式压电叠堆促动器 | F52: =IFERROR(INDEX('产品表 Products'!$G$2:$G$105,MATCH(40,'产品表 Products'!$W$2:$W$105,0)),"") -> 130 | G52: =IFERROR(INDEX('产品表 Products'!$H$2:$H$105,MATCH(40,'产品表 Products'!$W$2:$W$105,0))&"","") -> µm | H52: =IFERROR(INDEX('产品表 Products'!$J$2:$J$105,MATCH(40,'产品表 Products'!$W$2:$W$105,0)),"") -> 3500 | I52: =IFERROR(INDEX('产品表 Products'!$M$2:$M$105,MATCH(40,'产品表 Products'!$W$2:$W$105,0)),"") -> 3260 | J52: =IFERROR(HYPERLINK(INDEX('产品表 Products'!$X$2:$X$105,MATCH(40,'产品表 Products'!$W$2:$W$105,0)),"打开"),"") -> 打开
B54: 最多列出 40 个；更多结果请到"产品表"里按"符合速查条件"列筛选 ✓。

Sheet 招标关键词 Tender Terms
A1: 序 | B1: 类别（中文） | C1: Category | D1: 型号数 | E1: 行程范围 | F1: 谐振频率范围 (Hz) | G1: 招标常见叫法（用于匹配） | H1: 扫描强度 | I1: 典型采购场景
A2: 1 | B2: 放大型压电促动器 | C2: Amplified Piezo Actuators (APA) | D2: =COUNTIF('产品表 Products'!$B:$B,B2) -> 31 | E2: =IF(COUNTIFS('产品表 Products'!$B:$B,B2,'产品表 Products'!$G:$G,">0")=0,"—",_xlfn.MINIFS('产品表 Products'!$G:$G,'产品表 Products'!$B:$B,B2)&" – "&_xlfn.MAXIFS('产品表 Products'!$G:$G,'产品表 Products'!$B:$B,B2)&" µm") -> 34 – 2010 µm | F2: =IF(COUNTIFS('产品表 Products'!$B:$B,B2,'产品表 Products'!$M:$M,">0")=0,"—",_xlfn.MINIFS('产品表 Products'!$M:$M,'产品表 Products'!$B:$B,B2)&" – "&_xlfn.MAXIFS('产品表 Products'!$M:$M,'产品表 Products'!$B:$B,B2)) -> 87 – 4778 | G2: 压电促动器、压电陶瓷驱动器、压电作动器、压电致动器、压电陶瓷执行器、放大式压电促动器、柔性铰链放大压电 | H2: 强 strong | I2: 精密定位、主动减振、高频激振、光学调整、阀门/快门驱动；常被课题组单独采购或随系统集成
A3: 2 | B3: 预紧式压电叠堆促动器 | C3: Parallel Pre-stressed Actuators (PPA) | D3: =COUNTIF('产品表 Products'!$B:$B,B3) -> 10 | E3: =IF(COUNTIFS('产品表 Products'!$B:$B,B3,'产品表 Products'!$G:$G,">0")=0,"—",_xlfn.MINIFS('产品表 Products'!$G:$G,'产品表 Products'!$B:$B,B3)&" – "&_xlfn.MAXIFS('产品表 Products'!$G:$G,'产品表 Products'!$B:$B,B3)&" µm") -> 8.3 – 130 µm | F3: =IF(COUNTIFS('产品表 Products'!$B:$B,B3,'产品表 Products'!$M:$M,">0")=0,"—",_xlfn.MINIFS('产品表 Products'!$M:$M,'产品表 Products'!$B:$B,B3)&" – "&_xlfn.MAXIFS('产品表 Products'!$M:$M,'产品表 Products'!$B:$B,B3)) -> 3250 – 32300 | G3: 压电叠堆、压电陶瓷堆、叠层压电陶瓷、预紧压电陶瓷、压电陶瓷促动器、压电堆栈 | H3: 强 strong | I3: 大出力小行程：主动隔振、超声辅助加工、变形镜驱动、疲劳试验
A4: 3 | B4: 压电纳米位移台 | C4: Piezo Stages | D4: =COUNTIF('产品表 Products'!$B:$B,B4) -> 5 | E4: =IF(COUNTIFS('产品表 Products'!$B:$B,B4,'产品表 Products'!$G:$G,">0")=0,"—",_xlfn.MINIFS('产品表 Products'!$G:$G,'产品表 Products'!$B:$B,B4)&" – "&_xlfn.MAXIFS('产品表 Products'!$G:$G,'产品表 Products'!$B:$B,B4)&" µm") -> 25 – 200 µm | F4: =IF(COUNTIFS('产品表 Products'!$B:$B,B4,'产品表 Products'!$M:$M,">0")=0,"—",_xlfn.MINIFS('产品表 Products'!$M:$M,'产品表 Products'!$B:$B,B4)&" – "&_xlfn.MAXIFS('产品表 Products'!$M:$M,'产品表 Products'!$B:$B,B4)) -> 380 – 3000 | G4: 压电位移台、纳米位移台、纳米定位台、压电扫描台、压电平台、XY压电台、XYZ纳米平台、柔性铰链位移台、纳米定位系统 | H4: 强 strong | I4: 显微镜样品扫描、光纤对准、掩模定位、共聚焦/AFM扫描
A5: 4 | B5: 压电快门 | C5: Fast Piezo Shutters | D5: =COUNTIF('产品表 Products'!$B:$B,B5) -> 5 | E5: =IF(COUNTIFS('产品表 Products'!$B:$B,B5,'产品表 Products'!$G:$G,">0")=0,"—",_xlfn.MINIFS('产品表 Products'!$G:$G,'产品表 Products'!$B:$B,B5)&" – "&_xlfn.MAXIFS('产品表 Products'!$G:$G,'产品表 Products'!$B:$B,B5)&" ") -> — | F5: =IF(COUNTIFS('产品表 Products'!$B:$B,B5,'产品表 Products'!$M:$M,">0")=0,"—",_xlfn.MINIFS('产品表 Products'!$M:$M,'产品表 Products'!$B:$B,B5)&" – "&_xlfn.MAXIFS('产品表 Products'!$M:$M,'产品表 Products'!$B:$B,B5)) -> — | G5: 压电快门、快速光闸、高速快门、X射线快门、光束快门、真空快门 | H5: 强 strong | I5: 同步辐射/X射线光束线、激光光路快速通断
A6: 5 | B6: 步进压电电机（压电马达） | C6: Stepping Piezo Actuators (piezo motors) | D6: =COUNTIF('产品表 Products'!$B:$B,B6) -> 7 | E6: =IF(COUNTIFS('产品表 Products'!$B:$B,B6,'产品表 Products'!$G:$G,">0")=0,"—",_xlfn.MINIFS('产品表 Products'!$G:$G,'产品表 Products'!$B:$B,B6)&" – "&_xlfn.MAXIFS('产品表 Products'!$G:$G,'产品表 Products'!$B:$B,B6)&" mm") -> 5 – 10 mm | F6: =IF(COUNTIFS('产品表 Products'!$B:$B,B6,'产品表 Products'!$M:$M,">0")=0,"—",_xlfn.MINIFS('产品表 Products'!$M:$M,'产品表 Products'!$B:$B,B6)&" – "&_xlfn.MAXIFS('产品表 Products'!$M:$M,'产品表 Products'!$B:$B,B6)) -> — | G6: 压电电机、压电马达、压电直线电机、步进压电电机、惯性压电电机、粘滑压电驱动器、压电旋转电机、无磁电机、MRI兼容电机 | H6: 强 strong | I6: 长行程+纳米分辨率、无磁/真空环境、微型机构
A7: 6 | B7: 压电电机直线位移台 | C7: Stepping Piezo Stages | D7: =COUNTIF('产品表 Products'!$B:$B,B7) -> 2 | E7: =IF(COUNTIFS('产品表 Products'!$B:$B,B7,'产品表 Products'!$G:$G,">0")=0,"—",_xlfn.MINIFS('产品表 Products'!$G:$G,'产品表 Products'!$B:$B,B7)&" – "&_xlfn.MAXIFS('产品表 Products'!$G:$G,'产品表 Products'!$B:$B,B7)&" mm") -> 10 – 10 mm | F7: =IF(COUNTIFS('产品表 Products'!$B:$B,B7,'产品表 Products'!$M:$M,">0")=0,"—",_xlfn.MINIFS('产品表 Products'!$M:$M,'产品表 Products'!$B:$B,B7)&" – "&_xlfn.MAXIFS('产品表 Products'!$M:$M,'产品表 Products'!$B:$B,B7)) -> — | G7: 压电电机位移台、压电直线台、长行程纳米位移台、纳米步进台 | H7: 强 strong | I7: 需要毫米级行程又要纳米级分辨率的定位
A8: 7 | B8: 压电电机控制器 | C8: Piezo Motor Controllers | D8: =COUNTIF('产品表 Products'!$B:$B,B8) -> 1 | E8: =IF(COUNTIFS('产品表 Products'!$B:$B,B8,'产品表 Products'!$G:$G,">0")=0,"—",_xlfn.MINIFS('产品表 Products'!$G:$G,'产品表 Products'!$B:$B,B8)&" – "&_xlfn.MAXIFS('产品表 Products'!$G:$G,'产品表 Products'!$B:$B,B8)&" ") -> — | F8: =IF(COUNTIFS('产品表 Products'!$B:$B,B8,'产品表 Products'!$M:$M,">0")=0,"—",_xlfn.MINIFS('产品表 Products'!$M:$M,'产品表 Products'!$B:$B,B8)&" – "&_xlfn.MAXIFS('产品表 Products'!$M:$M,'产品表 Products'!$B:$B,B8)) -> — | G8: 压电电机控制器、压电马达驱动器 | H8: 强 strong | I8: 与步进压电电机配套
A9: 8 | B9: 快速反射镜（快反镜） | C9: Fast Steering Mirrors (FSM) | D9: =COUNTIF('产品表 Products'!$B:$B,B9) -> 4 | E9: =IF(COUNTIFS('产品表 Products'!$B:$B,B9,'产品表 Products'!$G:$G,">0")=0,"—",_xlfn.MINIFS('产品表 Products'!$G:$G,'产品表 Products'!$B:$B,B9)&" – "&_xlfn.MAXIFS('产品表 Products'!$G:$G,'产品表 Products'!$B:$B,B9)&" mrad") -> 18 – 140 mrad | F9: =IF(COUNTIFS('产品表 Products'!$B:$B,B9,'产品表 Products'!$M:$M,">0")=0,"—",_xlfn.MINIFS('产品表 Products'!$M:$M,'产品表 Products'!$B:$B,B9)&" – "&_xlfn.MAXIFS('产品表 Products'!$M:$M,'产品表 Products'!$B:$B,B9)) -> 80 – 700 | G9: 快反镜、快速反射镜、快速控制反射镜、快速偏转镜、快速倾斜镜、精跟踪镜、精瞄镜、指向镜、FSM | H9: 强 strong | I9: 激光通信、光束稳定/跟踪、自适应光学倾斜校正、激光加工光束指向
A10: 9 | B10: 压电偏摆台（Tip-Tilt 倾斜台） | C10: Fast Steering Platforms (tip-tilt) | D10: =COUNTIF('产品表 Products'!$B:$B,B10) -> 4 | E10: =IF(COUNTIFS('产品表 Products'!$B:$B,B10,'产品表 Products'!$G:$G,">0")=0,"—",_xlfn.MINIFS('产品表 Products'!$G:$G,'产品表 Products'!$B:$B,B10)&" – "&_xlfn.MAXIFS('产品表 Products'!$G:$G,'产品表 Products'!$B:$B,B10)&" mrad") -> 2 – 20 mrad | F10: =IF(COUNTIFS('产品表 Products'!$B:$B,B10,'产品表 Products'!$M:$M,">0")=0,"—",_xlfn.MINIFS('产品表 Products'!$M:$M,'产品表 Products'!$B:$B,B10)&" – "&_xlfn.MAXIFS('产品表 Products'!$M:$M,'产品表 Products'!$B:$B,B10)) -> 1750 – 3000 | G10: 压电偏摆台、压电倾斜台、Tip-Tilt、二维偏转台、倾斜镜、摆镜、高速偏摆镜、压电偏转镜 | H10: 强 strong | I10: 高带宽小角度光束偏转、图像稳定、干涉仪调整
A11: 10 | B11: 磁驱直线作动器（动铁式） | C11: Linear Magnetic Actuators (MICA) | D11: =COUNTIF('产品表 Products'!$B:$B,B11) -> 2 | E11: =IF(COUNTIFS('产品表 Products'!$B:$B,B11,'产品表 Products'!$G:$G,">0")=0,"—",_xlfn.MINIFS('产品表 Products'!$G:$G,'产品表 Products'!$B:$B,B11)&" – "&_xlfn.MAXIFS('产品表 Products'!$G:$G,'产品表 Products'!$B:$B,B11)&" mm") -> 4 – 8 mm | F11: =IF(COUNTIFS('产品表 Products'!$B:$B,B11,'产品表 Products'!$M:$M,">0")=0,"—",_xlfn.MINIFS('产品表 Products'!$M:$M,'产品表 Products'!$B:$B,B11)&" – "&_xlfn.MAXIFS('产品表 Products'!$M:$M,'产品表 Products'!$B:$B,B11)) -> — | G11: 电磁作动器、磁驱作动器、动铁式作动器、直线电磁执行器、音圈作动器（类似用途）、音圈电机 | H11: 强 strong | I11: 毫米级行程、数十至数百牛出力的直线驱动
A12: 11 | B12: 惯性作动器（主动减振） | C12: Proof Mass Magnetic Actuators | D12: =COUNTIF('产品表 Products'!$B:$B,B12) -> 2 | E12: =IF(COUNTIFS('产品表 Products'!$B:$B,B12,'产品表 Products'!$G:$G,">0")=0,"—",_xlfn.MINIFS('产品表 Products'!$G:$G,'产品表 Products'!$B:$B,B12)&" – "&_xlfn.MAXIFS('产品表 Products'!$G:$G,'产品表 Products'!$B:$B,B12)&" ") -> — | F12: =IF(COUNTIFS('产品表 Products'!$B:$B,B12,'产品表 Products'!$M:$M,">0")=0,"—",_xlfn.MINIFS('产品表 Products'!$M:$M,'产品表 Products'!$B:$B,B12)&" – "&_xlfn.MAXIFS('产品表 Products'!$M:$M,'产品表 Products'!$B:$B,B12)) -> 25 – 30 | G12: 惯性作动器、主动减振作动器、主动隔振作动器、惯性激振器、质量块作动器、电磁激振器 | H12: 强 strong | I12: 结构主动减振、振动激励、主动隔振系统
A13: 12 | B13: 磁驱作动器驱动器 | C13: Magnetic Controllers | D13: =COUNTIF('产品表 Products'!$B:$B,B13) -> 3 | E13: =IF(COUNTIFS('产品表 Products'!$B:$B,B13,'产品表 Products'!$G:$G,">0")=0,"—",_xlfn.MINIFS('产品表 Products'!$G:$G,'产品表 Products'!$B:$B,B13)&" – "&_xlfn.MAXIFS('产品表 Products'!$G:$G,'产品表 Products'!$B:$B,B13)&" ") -> — | F13: =IF(COUNTIFS('产品表 Products'!$B:$B,B13,'产品表 Products'!$M:$M,">0")=0,"—",_xlfn.MINIFS('产品表 Products'!$M:$M,'产品表 Products'!$B:$B,B13)&" – "&_xlfn.MAXIFS('产品表 Products'!$M:$M,'产品表 Products'!$B:$B,B13)) -> — | G13: 音圈电机驱动器、电磁作动器功放、快反镜驱动器、线性功率放大器 | H13: 弱 weak | I13: 与 M-FSM 快反镜、MICA 作动器配套
A14: 13 | B14: 压电驱动放大器板卡 | C14: Electronic Amplifier Boards | D14: =COUNTIF('产品表 Products'!$B:$B,B14) -> 7 | E14: =IF(COUNTIFS('产品表 Products'!$B:$B,B14,'产品表 Products'!$G:$G,">0")=0,"—",_xlfn.MINIFS('产品表 Products'!$G:$G,'产品表 Products'!$B:$B,B14)&" – "&_xlfn.MAXIFS('产品表 Products'!$G:$G,'产品表 Products'!$B:$B,B14)&" ") -> — | F14: =IF(COUNTIFS('产品表 Products'!$B:$B,B14,'产品表 Products'!$M:$M,">0")=0,"—",_xlfn.MINIFS('产品表 Products'!$M:$M,'产品表 Products'!$B:$B,B14)&" – "&_xlfn.MAXIFS('产品表 Products'!$M:$M,'产品表 Products'!$B:$B,B14)) -> — | G14: 压电驱动电源、压电陶瓷驱动电源、压电放大器、高压放大器、压电功率放大器、压电驱动器 | H14: 强 strong | I14: 驱动压电促动器/叠堆；高电流型用于高频动态
A15: 14 | B15: 压电控制器机箱（含电源） | C15: Powered Racks | D15: =COUNTIF('产品表 Products'!$B:$B,B15) -> 6 | E15: =IF(COUNTIFS('产品表 Products'!$B:$B,B15,'产品表 Products'!$G:$G,">0")=0,"—",_xlfn.MINIFS('产品表 Products'!$G:$G,'产品表 Products'!$B:$B,B15)&" – "&_xlfn.MAXIFS('产品表 Products'!$G:$G,'产品表 Products'!$B:$B,B15)&" ") -> — | F15: =IF(COUNTIFS('产品表 Products'!$B:$B,B15,'产品表 Products'!$M:$M,">0")=0,"—",_xlfn.MINIFS('产品表 Products'!$M:$M,'产品表 Products'!$B:$B,B15)&" – "&_xlfn.MAXIFS('产品表 Products'!$M:$M,'产品表 Products'!$B:$B,B15)) -> — | G15: 压电控制器、压电驱动控制器、多通道压电控制箱、压电闭环控制器 | H15: 强 strong | I15: 台式/19寸机箱，装放大器卡和传感器卡，交付即用
A16: 15 | B16: 嵌入式压电驱动板（OEM） | C16: OEM Amplifiers | D16: =COUNTIF('产品表 Products'!$B:$B,B16) -> 4 | E16: =IF(COUNTIFS('产品表 Products'!$B:$B,B16,'产品表 Products'!$G:$G,">0")=0,"—",_xlfn.MINIFS('产品表 Products'!$G:$G,'产品表 Products'!$B:$B,B16)&" – "&_xlfn.MAXIFS('产品表 Products'!$G:$G,'产品表 Products'!$B:$B,B16)&" ") -> — | F16: =IF(COUNTIFS('产品表 Products'!$B:$B,B16,'产品表 Products'!$M:$M,">0")=0,"—",_xlfn.MINIFS('产品表 Products'!$M:$M,'产品表 Products'!$B:$B,B16)&" – "&_xlfn.MAXIFS('产品表 Products'!$M:$M,'产品表 Products'!$B:$B,B16)) -> — | G16: 压电驱动模块、OEM压电驱动板、嵌入式压电控制板、微型压电驱动器 | H16: 强 strong | I16: 集成进设备/卫星载荷的小型驱动板
A17: 16 | B17: 压电线性放大器 | C17: PLa Linear Piezo Amplifiers | D17: =COUNTIF('产品表 Products'!$B:$B,B17) -> 2 | E17: =IF(COUNTIFS('产品表 Products'!$B:$B,B17,'产品表 Products'!$G:$G,">0")=0,"—",_xlfn.MINIFS('产品表 Products'!$G:$G,'产品表 Products'!$B:$B,B17)&" – "&_xlfn.MAXIFS('产品表 Products'!$G:$G,'产品表 Products'!$B:$B,B17)&" ") -> — | F17: =IF(COUNTIFS('产品表 Products'!$B:$B,B17,'产品表 Products'!$M:$M,">0")=0,"—",_xlfn.MINIFS('产品表 Products'!$M:$M,'产品表 Products'!$B:$B,B17)&" – "&_xlfn.MAXIFS('产品表 Products'!$M:$M,'产品表 Products'!$B:$B,B17)) -> — | G17: 压电驱动电源、高压线性放大器、压电放大器、低噪声压电驱动器 | H17: 强 strong | I17: 低噪声线性驱动，替代 LA75B/LA75C
A18: 17 | B18: 数字闭环控制器 | C18: Digital Controllers | D18: =COUNTIF('产品表 Products'!$B:$B,B18) -> 1 | E18: =IF(COUNTIFS('产品表 Products'!$B:$B,B18,'产品表 Products'!$G:$G,">0")=0,"—",_xlfn.MINIFS('产品表 Products'!$G:$G,'产品表 Products'!$B:$B,B18)&" – "&_xlfn.MAXIFS('产品表 Products'!$G:$G,'产品表 Products'!$B:$B,B18)&" ") -> — | F18: =IF(COUNTIFS('产品表 Products'!$B:$B,B18,'产品表 Products'!$M:$M,">0")=0,"—",_xlfn.MINIFS('产品表 Products'!$M:$M,'产品表 Products'!$B:$B,B18)&" – "&_xlfn.MAXIFS('产品表 Products'!$M:$M,'产品表 Products'!$B:$B,B18)) -> — | G18: 压电闭环控制器、数字伺服控制器、数字控制器 | H18: 弱 weak | I18: 与放大器配合做闭环控制
A19: 18 | B19: 电涡流位移传感器 | C19: Eddy Current Sensors | D19: =COUNTIF('产品表 Products'!$B:$B,B19) -> 6 | E19: =IF(COUNTIFS('产品表 Products'!$B:$B,B19,'产品表 Products'!$G:$G,">0")=0,"—",_xlfn.MINIFS('产品表 Products'!$G:$G,'产品表 Products'!$B:$B,B19)&" – "&_xlfn.MAXIFS('产品表 Products'!$G:$G,'产品表 Products'!$B:$B,B19)&" µm") -> 500 – 1000 µm | F19: =IF(COUNTIFS('产品表 Products'!$B:$B,B19,'产品表 Products'!$M:$M,">0")=0,"—",_xlfn.MINIFS('产品表 Products'!$M:$M,'产品表 Products'!$B:$B,B19)&" – "&_xlfn.MAXIFS('产品表 Products'!$M:$M,'产品表 Products'!$B:$B,B19)) -> — | G19: 电涡流传感器、电涡流位移传感器、涡流位移传感器、非接触位移传感器、电涡流探头 | H19: 弱 weak | I19: 非接触测位移，可单独采购或作为闭环反馈
A20: 19 | B20: 应变片位置传感器及调理板 | C20: Strain Gauge Sensors | D20: =COUNTIF('产品表 Products'!$B:$B,B20) -> 2 | E20: =IF(COUNTIFS('产品表 Products'!$B:$B,B20,'产品表 Products'!$G:$G,">0")=0,"—",_xlfn.MINIFS('产品表 Products'!$G:$G,'产品表 Products'!$B:$B,B20)&" – "&_xlfn.MAXIFS('产品表 Products'!$G:$G,'产品表 Products'!$B:$B,B20)&" ") -> — | F20: =IF(COUNTIFS('产品表 Products'!$B:$B,B20,'产品表 Products'!$M:$M,">0")=0,"—",_xlfn.MINIFS('产品表 Products'!$M:$M,'产品表 Products'!$B:$B,B20)&" – "&_xlfn.MAXIFS('产品表 Products'!$M:$M,'产品表 Products'!$B:$B,B20)) -> — | G20: 应变片传感器、应变调理器、应变放大器 | H20: 弱 weak | I20: 压电促动器闭环反馈，多随促动器一起买
A22: 不该当作 Cedrat 机会的词（整机或 Cedrat 不生产的东西）
B23: 振镜 / 扫描振镜 / galvo | C23: Cedrat 不做检流计振镜；激光打标、扫描系统里的振镜是另一类产品。
B24: 电动平台 / 电动位移台 / 电控平移台 | C24: 步进/伺服电机丝杠台，毫米到百毫米行程，不是压电。只有写明"压电""纳米"才相关。
B25: 隔振台 / 光学平台 / 气浮隔振 | C25: 被动隔振整台，不用作动器。只有"主动隔振/主动减振"才可能用 MICA 或 PPA。
B26: 振动台 / 激振器（电动振动台） | C26: 大型电动振动台是整机；只有小型高频压电/惯性激振才对得上 APA、MICA-PM。
B27: 原子力显微镜、激光测振仪、镀膜仪等整机 | C27: 内部含压电，但学校买的是整机，Cedrat 不能直接投；可留作"找集成商"线索。
B28: 六自由度平台 / 并联机构 / Stewart | C28: 多为液压或电动大平台；Cedrat 只做定制小型压电多自由度机构。
B29: 稳压电源 / 高压电源 / 高压电缆 | C29: "压电"误匹配，已在扫描程序里排除。

Sheet 说明 Notes
A1: Cedrat Technologies 产品表 · 赛得航科技
A2: 来源：cedrat-technologies.com 官网产品目录与 product-sitemap.xml，2026-10-16 抓取。每个型号一行，共 104 个型号（去掉了论文/应用领域页面和英法文重复页）。
A4: 单位说明
A5: · APA / PPA 官网参数表没有写单位，按 Cedrat 数据表惯例：阻挡力 N、电容 µF、标称行程 µm、刚度 N/µm、谐振频率 Hz。投标前请用数据表 PDF 核对。
A6: · 快反镜、偏摆台的行程是官网写的"最大角行程/标称行程"，单位 mrad。是否为 ±（单边）或全行程，官网未统一说明；招标常用 ±mrad、±° 或 ″ 表示，需按数据表确认。"行程换算"列把 mrad 换成度。
A7: · 快反镜的谐振频率为带负载（装镜片）值，偏摆台和位移台为空载值。
A8: · X60S 的官网简介写"行程可达 110 µm"，但参数表为 55 µm，表中采用参数表数值。
A9: · 状态：标准品 = 常规可买；预发布 / 原型 = 可询价但交期和性能需确认；集成件 = 一般随系统供货，不单独作为产品。
A11: 怎么用
A12: 1. 看到一条标讯：先在"招标关键词"里看它的叫法属于哪一类；再到"选型速查"填行程、出力、频率的下限，下面会列出符合的型号。
A13: 2. 招标参数常写"分辨率""重复定位精度"。官网参数表没有这一项（闭环分辨率取决于传感器和控制器），要用数据表或问 Cedrat 确认。
A14: 3. 进口限制：Cedrat 是法国进口产品。2025 年起很多高校标讯要求"不接受进口"或给国产 20% 价格扣除（国办发〔2025〕34号），先看公告里有没有"允许进口"。
... A18: Cedrat 还做大量定制机构（多自由度压电机构、空间级指向机构、主动减振系统等），这些不在目录里。标讯里如果出现"压电驱动的定制机构"，也可以询价。
